,PC1,PC2,PC3,Anomaly_Label,Anomaly_Score
0,-17924882042360.293,663495893244.8815,-83503459052.82774,-1,-0.05552087275264633
1,-17923953226911.13,663908218413.5182,-83467721851.50922,-1,-0.03718801924329257
2,-17922764500541.426,664374707109.529,-83489820745.79106,-1,-0.03482247446531922
3,-17921023182726.676,665654864759.0114,-83537112929.89545,-1,-0.022514058243222668
4,-17918723751050.492,666994491802.3965,-83662496483.09381,-1,-0.02648567915155592
5,-17916804253688.555,672545982267.6705,-91876683152.9443,-1,-0.02522393333023626
6,-17909533500620.02,674590629923.5614,-84477785115.7086,1,0.007855635402825079
7,-17902297168182.65,679215626139.3824,-85665031097.92891,1,0.024808848381146886
8,-17891593004654.62,687809711075.6013,-86702525711.27275,1,0.015868121286952308
9,-17875016112826.895,702261477848.0648,-88292038947.04724,1,0.018880986483887918
10,-17852492825108.438,719220579558.2787,-92578016726.21571,1,0.01977843721824102
11,-17824841930024.934,732927972801.221,-97312193516.69931,1,0.030433141712643053
12,-17793734399214.12,743141389150.9966,-99819483640.52083,1,0.03209929431863806
13,-17760932398816.586,749715439259.0522,-100555847496.43094,1,0.03375353026282768
14,-17727080586966.957,751361138200.6539,-99878749032.54626,1,0.03963537501065778
15,-17692047402794.26,748395230901.2068,-97384540374.65686,1,0.03317648422558689
16,-17656638221569.758,743575619940.1025,-94207488870.44318,1,0.03343798074094234
17,-17624334192976.36,735491094073.1554,-91775879092.0539,1,0.036381412534693736
18,-17596722736709.83,722743619789.449,-89120998048.27956,1,0.036360411714401075
19,-17569366678913.648,713587778394.9233,-84432430791.497,1,0.035678781408207294
20,-17542613153221.986,708075215360.8982,-80098267621.91272,1,0.03579618957297881
21,-17517413197637.057,701755065107.0165,-78244661064.22556,1,0.03327830305683688
22,-17492212646220.662,696415719128.7114,-75754095565.54074,1,0.04729997286292753
23,-17469508302348.053,689496756500.4963,-73285340014.13126,1,0.053413087394969805
24,-17449797436072.658,682427336243.1024,-71679558926.6183,1,0.03952592434764318
25,-17431284360250.291,675464390649.938,-68797605739.0521,1,0.03582302920572955
26,-17415481236891.807,665854672017.4133,-66240922543.10098,1,0.042744646516007956
27,-17402170808621.67,656925799640.7219,-64290922893.8126,1,0.04521109040890886
28,-17390963382446.684,648139889057.8569,-61997793639.54761,1,0.041409271522799385
29,-17379410446627.287,643931417214.4263,-59696910943.720825,1,0.04255341834428622
30,-17367956891510.768,643045920565.6064,-58333097958.70909,1,0.03930020292562236
31,-17353826861650.828,645883865654.6761,-57991886923.09198,1,0.040008094591444554
32,-17338057775610.498,650945218796.2493,-58408508884.31223,1,0.03302196284064696
33,-17317166206893.64,660676745685.3643,-59954439757.71066,1,0.020403411493165824
34,-17294404946020.357,670829671485.6589,-62508448995.97643,1,0.01861782606607848
35,-17272397437240.662,669144395264.996,-65560741562.83091,1,0.0209107844206462
36,-17248704219628.598,669188254254.4636,-65862499578.374176,1,0.02834026724553501
37,-17225623636749.518,664857484943.4219,-64798394165.9738,1,0.024903442192270087
38,-17201724169632.295,660430237601.0692,-66763836106.465614,1,0.03099576525596165
39,-17175486076914.764,657702311547.7006,-68519181679.24261,1,0.024658385434383034
40,-17147084554724.96,652431493426.0673,-72624212036.51787,1,0.022192617717918417
41,-17114291841651.627,660801521412.9012,-80212887245.37668,1,0.024254938252368463
42,-17078995682180.77,667427584808.2448,-88692756278.70468,1,0.029408919502555586
43,-17030713443247.412,688601596443.2456,-98001117616.03233,1,0.029639337261543552
44,-16971963322110.059,728058007394.5111,-105509347269.9698,1,0.031361530368850365
45,-16899534234569.209,769482761758.0546,-117474318457.44876,1,0.01139486450420013
46,-16814458823000.818,818122505106.9741,-127648401682.46846,1,0.023504455956789294
47,-16715972206861.842,848461803451.9641,-130457054738.29637,1,0.019687526139505807
48,-16602977490386.367,885220892291.1577,-130090266735.5321,1,0.02295874726887509
49,-16478145077965.887,912777871030.7876,-125417364482.14513,1,0.023585044511801934
50,-16343430971689.473,926115400807.4572,-121135263897.15225,1,0.02433520524636451
51,-16186625617867.766,961924052673.0659,-111645548963.98228,1,0.027419043962305267
52,-16010869783536.568,1005198682226.0333,-106575534640.48306,1,0.038281781973403206
53,-15826171860788.51,1030514153787.3958,-110816279686.84006,1,0.028766757518076613
54,-15628272215150.47,1043911353899.6188,-104036149262.61913,1,0.022436900209315436
55,-15409782208775.11,1075046082920.0767,-88697783006.74915,1,0.021082693188206325
56,-15141088414779.096,1180037146987.7427,-77959045690.6737,1,0.01709407550190528
57,-14804383312133.85,1335308229682.6116,-82811387236.92148,1,0.014619046575951533
58,-14356842974727.69,1571756600481.609,-113040655507.83302,1,0.01748923483397563
59,-13878302369132.375,1730673053463.6807,-160991205349.98337,1,0.01174521074109125
60,-13321114955932.195,1883867355342.2236,-193596627035.21564,1,0.01628034434659026
61,-12836027078785.549,1860933925495.6384,-192944306891.53525,1,0.025394921872188225
62,-12391557525844.697,1662453955440.7104,-169323159755.26993,1,0.023863665429015912
63,-12096515250385.092,1341307948328.862,-118651659004.2483,1,0.010621754539862083
64,-11858925166162.312,978225651986.284,-55478489007.870026,1,0.008428040712552598
65,-11722791601463.57,702265025975.832,-8355418757.84974,1,0.011463245707066694
66,-11613810420046.658,477410502386.0129,30666679090.822063,1,0.014598810272002716
67,-11541165054840.623,347737281373.13,61906303254.726494,1,0.02580285990678266
68,-11485743453711.062,253150084827.04504,80424459024.89139,1,0.01926889771363438
69,-11434892773320.59,228693626618.25406,91970106875.101,1,0.02302909422096383
70,-11369914574838.887,235750025339.9851,99456416256.11824,1,0.03134458584845806
71,-11291130944795.998,266606628111.96454,86165523536.21054,1,0.014468962840951893
72,-11209056779382.512,277904121544.84546,64449046135.12689,1,0.02296914151452545
73,-11114662296573.303,288951739699.6547,46628415441.811226,1,0.02520586579122619
74,-11023423157931.645,294305566402.31976,28247949605.888885,1,0.024079256194601883
75,-10934121446708.988,275692640632.1362,6544720041.274811,1,0.02019273921782222
76,-10850163412839.574,235906313101.58066,-8056125093.216968,1,0.013821069925904206
77,-10769121715476.998,197919139508.66318,-15603295153.367895,1,0.024132439101361258
78,-10672903197576.197,215608639859.52698,-23996629477.636265,1,0.01801859595429761
79,-10597882464191.623,210508747839.5565,-44369405623.31069,1,0.010422411463973102
80,-10500255459249.777,240823240746.45203,-60955237103.03658,-1,-0.0007251600629715749
81,-10387056539438.168,295465492635.21106,-70679731241.14488,1,0.0111079343234467
82,-10283070074903.193,285045676775.4001,-107479568848.93686,1,0.01247662356371304
83,-10183430175753.617,261005627562.7312,-126307590090.38287,1,0.01960163592950609
84,-10072515064124.826,232843929890.78854,-120264906882.70714,1,0.006963322876967881
85,-9936246599262.998,294641109587.6544,-136095844861.67511,1,0.02060149619349594
86,-9752899879255.656,378779137739.0825,-178567867321.86258,1,0.0001279694228773498
87,-9443656330946.98,600517826384.3638,-259414436676.27707,-1,-0.01088362603958798
88,-9104978242581.605,747729896659.5573,-416181191804.8449,1,0.00849679085644034
89,-8663122208929.916,877257310127.4962,-587237212810.8646,-1,-0.003303577169992633
90,-8190800963821.281,992574032443.6711,-708051811237.7921,-1,-0.006003447311977217
91,-7489188450973.581,1367699506397.5347,-783619710173.5015,-1,-0.007246056349388741
92,-6791295963753.989,1733349297476.4607,-841896610320.781,-1,-0.010660481886200779
93,-5779993963123.156,2295685716575.386,-813295352380.3259,1,0.010677769521740543
94,-4902961399102.944,2663636368565.3926,-708003176029.4398,1,0.0063948721937153175
95,-4022287312945.152,2564881294978.169,-569827834742.5901,1,0.015598746399189678
96,-3097039235364.1387,2650392710165.92,-293750364697.97,1,0.02294762090689334
97,-2280290338360.4966,2219789315200.317,-94465020642.73279,1,0.013620898223548006
98,-1565113415966.5615,1797280477751.717,35031146712.39414,1,0.02079588315900638
99,-905837082018.0254,1268598168934.5906,225146178110.64136,1,0.029361409351822743
100,-345289231434.7443,873304407557.1031,332939681900.0466,1,0.031679352678491146
101,91580099336.13118,542755942382.6184,390370294374.0206,1,0.042516576777713144
102,563845400921.6234,285577129634.3807,487074924613.14307,1,0.03367774686993308
103,1057501366032.4181,259609574346.22324,549942313436.3892,1,0.039919260228999554
104,1530088697897.6724,199569467851.50772,524118691201.0688,1,0.034471479223250445
105,1988113789161.749,133319593144.54631,516996288640.8331,1,0.039770483867326234
106,2377177931236.632,8864569956.038397,545891770735.5933,1,0.0474341727527442
107,2684802944671.2383,-129973886154.45537,559592008989.2882,1,0.05551273148707453
108,2934450421388.9062,-358329041549.6857,590889985836.7036,1,0.04175014221123624
109,3159220684811.8374,-589015722417.4515,645210749417.883,1,0.03952588526990691
110,3382653804925.448,-700374524794.5674,682012142840.2462,1,0.024879119257294247
111,3599107141556.2773,-766907572000.2037,668689994285.4275,1,0.028087770300386616
112,3809338378977.014,-819120188382.2826,651759768111.5663,1,0.04159828813782801
113,4075296234897.707,-741067440374.1106,651537294240.1033,1,0.042412963104184576
114,4371731945504.131,-531547102107.0754,617572290739.2316,1,0.04781916684913301
115,4705620075121.544,-457913224982.54596,539389963358.2058,1,0.04696115134768869
116,5038963514610.138,-484154312719.44965,476895360387.7095,1,0.039586992022418055
117,5273021158200.211,-719908711433.8375,391287102500.2173,1,0.060580092322474355
118,5434713223384.572,-1069377612569.5347,307035594803.50385,1,0.042891401505718074
119,5465183507536.079,-1601794651913.5823,243240473781.47565,1,0.054289633078361654
120,5334428018854.946,-2225191263878.7803,149342910461.13773,1,0.047360462951490545
121,5023880709936.388,-2794452852241.5356,48167156412.06763,1,0.04825680757933354
122,4638851655169.83,-3142591143758.764,-47785661969.4845,1,0.04554077653877753
123,4048893996968.0913,-3386041849089.9287,-277947124167.1869,1,0.04735557437889659
124,3487359390922.034,-3521673893211.3613,-468158851389.18,1,0.04964499026184427
125,2827962674184.5796,-3616372050707.2354,-484046408603.6461,1,0.04914599542952913
126,2070369402689.743,-3575558056286.8945,-514121972068.94257,1,0.049390642064414625
127,1322786454140.7864,-2987490435701.675,-333124224739.9277,1,0.03717129909608269
128,741844473846.5276,-2515272346671.3687,-112979262809.83916,1,0.04272394810502633
129,332734288273.8207,-1751961875002.5186,-34998403008.104675,1,0.06144611399985572
130,89007975519.6141,-1309118283350.0635,74381907762.58652,1,0.06011666640880975
131,24613005866.319294,-1063786312914.37,196962123393.46252,1,0.05646163328168197
132,-44162936460.57127,-740842280490.1865,237896513526.21835,1,0.06179383542481248
133,-31288893118.53807,-697323085199.886,231711337101.2003,1,0.052709484992122635
134,-7693104918.183199,-785408729544.3552,250032826848.21118,1,0.06746151527844202
135,-24225951603.686234,-965856321851.3529,234222279428.5862,1,0.061087436710166365
136,-66578760655.95075,-1090637910661.7513,235875751572.41486,1,0.06599466659640701
137,-135731003867.04735,-1271142314168.6206,300338039190.80347,1,0.06928791791589134
138,-248920116385.12347,-1277792117339.8127,384832402815.4007,1,0.07172649928938157
139,-409118532120.946,-1152831725088.5415,468695558063.90424,1,0.06652881007270794
140,-549010920967.92316,-1127101338388.041,503782446521.687,1,0.057632847622197614
141,-703050320155.566,-1157932332277.5088,508815183019.44763,1,0.06259751300058847
142,-846971047928.7303,-1268531596187.6582,508011075043.3511,1,0.06505605275185111
143,-1048310398395.9749,-1464691848071.5125,455632387909.0362,1,0.06029005653517522
144,-1297869611200.843,-1718071065770.4578,389273172938.5303,1,0.07071482391893374
145,-1595092617543.0674,-1949638416399.257,349736139477.0143,1,0.06889159994807514
146,-1960990169426.2861,-2070126691603.835,282862179078.8044,1,0.06679663506453148
147,-2363690860732.3755,-2098427775975.5923,227974080161.40872,1,0.06619175975408015
148,-2792950999250.0493,-2158226828180.8015,224429986340.90427,1,0.06211864455583732
149,-3254021925813.952,-2048757371844.4163,259161085063.59348,1,0.05718240247569206
150,-3717900219289.553,-1832057520253.52,316053054116.69885,1,0.05794450223432457
151,-4123759579843.552,-1638051368294.103,323753501339.2496,1,0.051068731999878825
152,-4467018149698.432,-1471376055081.4663,294802721566.4143,1,0.07388724746610054
153,-4758045330771.022,-1429109282241.1885,237548231837.49136,1,0.07191254897126848
154,-5034877996300.109,-1421673593547.5981,147791475192.16846,1,0.06385078939353439
155,-5324344676132.139,-1465658512367.0715,68673932980.02635,1,0.0691743333549702
156,-5609549978259.751,-1505513779343.2935,21971751826.37789,1,0.07342111583697886
157,-5939360626952.581,-1472942303965.5605,-16438060195.26604,1,0.08079567170662688
158,-6247991263674.9795,-1358183994397.0215,-54223156420.35723,1,0.0811135619292721
159,-6533414156138.761,-1230733199683.623,-96391801375.48016,1,0.0745490977338017
160,-6758467703195.243,-1081766632824.3395,-163260526028.61353,1,0.07496016268791433
161,-6959475397731.802,-942743094549.6533,-226286991532.98962,1,0.08107942974454979
162,-7133654993396.221,-889768535521.2001,-274735834923.42456,1,0.08043542212115029
163,-7346431464303.337,-855370501172.3484,-296118803353.1418,1,0.09196145992822002
164,-7534285252639.438,-793801528945.3407,-266829196758.84082,1,0.07266754615959964
165,-7712536714447.635,-680424469458.095,-216968694877.86008,1,0.06025192358203885
166,-7858251520502.446,-566782267293.556,-183635081292.34015,1,0.07034600016208009
167,-7977014078638.569,-468981265320.99554,-141104094294.1442,1,0.07682194126920933
168,-8041333586982.924,-358583932788.34375,-94777291241.28757,1,0.0848388671226698
169,-8059781104089.755,-184262089959.9349,-65743944634.10292,1,0.0815732760173446
170,-8022944059422.149,-52396177421.246124,-43275694866.29756,1,0.08225002221173883
171,-7941620087455.894,51375281291.465416,-2349715869.680316,1,0.0814133267077306
172,-7856005557937.072,119887479086.64394,48785547562.35179,1,0.0885770989377177
173,-7739854480087.33,212822054003.92206,107880102983.55188,1,0.08914132303979738
174,-7572003733786.078,323567781087.0978,172389971761.8809,1,0.07910762300129198
175,-7339353250742.211,440421674738.0106,206830053125.6478,1,0.0842971292673354
176,-7077997995641.503,506255731516.32404,215341043640.50162,1,0.08152234380549478
177,-6776000827425.847,535176741252.00964,222391059665.6216,1,0.08283200430488213
178,-6473193942419.037,556607313813.5128,237138014391.54858,1,0.07718079533635525
179,-6171443059526.136,535244150976.4977,249348230907.89355,1,0.06828013710635905
180,-5892353821943.181,474330676670.85895,280495147319.52966,1,0.0773103744139575
181,-5643696315799.964,352746834920.12854,318779903664.4557,1,0.08194789491421045
182,-5421485751151.267,247811949848.4579,349314396660.718,1,0.07199653031730463
183,-5214693724078.965,151080139159.74017,376296149327.15533,1,0.0663168204047801
184,-5016583319147.345,49536595722.32503,382934655883.02606,1,0.06957891074952693
185,-4837566489405.634,-48856458148.20904,380276262273.8445,1,0.0703262786376685
186,-4646334126547.776,-118781086090.40994,383973763295.0027,1,0.07619673064817101
187,-4461368205869.616,-113557868979.9098,377335206105.77246,1,0.07182181738275006
188,-4278475055634.3525,-89703923732.15501,340746256778.6087,1,0.08111419964205419
189,-4108570916706.036,-123713522625.63779,295158056408.87006,1,0.08272692800114273
190,-3982893048635.0815,-266523164994.4594,253301965728.7297,1,0.08323323209128253
191,-3905330536346.276,-439220424111.2319,225975781040.53427,1,0.073705694606926
192,-3912613486347.497,-654548588580.0852,214460629785.50272,1,0.07425768166624508
193,-3993940811841.8125,-870078465970.0094,219551202560.51355,1,0.08254537545353813
194,-4136180574423.805,-1019290759584.4073,245548412589.50427,1,0.08105143941671566
195,-4313729804322.767,-1097054896607.1722,276646082682.1031,1,0.07828221677361646
196,-4521213784340.78,-1107852291477.4072,295870313782.77405,1,0.0792770778616596
197,-4699172362351.623,-1056344021109.3743,305923134062.78375,1,0.08047687476384147
198,-4879679692325.209,-1027379083987.3566,290651852110.05676,1,0.07932666462385102
199,-5052054676044.071,-1045303729064.5135,260594759847.5814,1,0.07598856561884221
200,-5260789615871.268,-1091673436886.1213,242188103813.33707,1,0.07907854602969977
201,-5480991055990.388,-1137265084063.3713,226764219332.06488,1,0.0720703008656966
202,-5715609297025.529,-1136933942602.6216,221327279090.5072,1,0.07167576158415201
203,-5929807364993.556,-1123376015940.9749,221151047058.68683,1,0.07286698556103555
204,-6148298632293.851,-1074500304023.6964,204136020218.32623,1,0.07486769883288574
205,-6350542498541.85,-1018816159936.0552,171959813324.56818,1,0.07639740648442839
206,-6530518092474.408,-933147222735.7866,132817203581.57431,1,0.07716703030925237
207,-6698071370906.431,-881809066045.9902,72338630687.57417,1,0.07164287851271589
208,-6850073576502.722,-861855737660.977,19775800822.943687,1,0.06694183096853851
209,-6980318582462.465,-834288903663.678,1931936394.6572287,1,0.07248854946419092
210,-7056739032682.947,-654781024357.9628,-2154602331.020341,1,0.075062286723318
211,-6992896970527.074,-224972669218.99744,-20200467196.842163,1,0.07994464981243121
212,-6777076959201.299,246533491468.01923,-96134137640.98372,1,0.06786927877774107
213,-6361943364793.207,780704316700.5685,-211633903787.29037,1,0.0761516396797326
214,-5645289801027.136,1610093752965.2427,-301982519649.55286,1,0.06924237504865893
215,-4712833997479.519,2314625754875.344,-464144686891.25323,1,0.07669172223341242
216,-3491772831128.907,2989923568570.7104,-667705712766.7355,1,0.08329381228258392
217,-2015851081242.324,3561465593672.478,-742159748119.0225,1,0.08676692826629612
218,-389570890194.24634,3891607038120.396,-850732847893.165,1,0.08595499861036388
219,1516745054690.5059,4499801856135.181,-906586227772.6888,1,0.07247392091283655
220,3708877048995.8853,5027804786723.98,-881884135207.7871,1,0.06449372069561843
221,6106134437474.701,5502036198790.507,-953400683703.2863,1,0.059817294415882405
222,8890685436723.656,6323352317240.111,-897356409545.007,1,0.05317380106743491
223,12124552280759.45,7364415477406.117,-811517130179.8993,1,0.04568926603218065
224,15644602505566.418,8301802043954.223,-896048060780.2891,1,0.03496427054801737
225,19397502722556.746,8767830591247.147,-868105414412.9965,1,0.029014312091021954
226,22533717274755.684,7744063128293.067,-728986000011.6836,1,0.010889635504308826
227,25075491536338.58,6040930264732.308,-429786882880.8516,1,0.0201062437653986
228,26688049751153.57,3695755439421.953,-32556702165.28129,1,0.020053826227178495
229,27939073430986.934,1525256152815.3447,387686077234.6117,1,0.01627279713624291
230,28674625122092.418,-209008243289.55936,708445451678.9263,1,0.014399309815068928
231,29160485629302.57,-1552062446902.9602,921926256959.794,1,0.018942160530645347
232,29577018025888.895,-2208453487427.395,1146492919827.6675,1,0.02509129665516424
233,30001494161871.926,-2448280984757.6523,1302439708440.654,1,0.007724163752560631
234,30529003061310.203,-2226211314832.558,1323546902974.4543,1,0.020609785944065373
235,31130047508101.04,-2054401651853.9246,1263661298061.2754,1,0.019201733080298822
236,31711602381389.367,-2059362134684.405,1164246795985.9053,1,0.013304274519285786
237,32335102640048.29,-1962865199595.555,1149976522853.5532,1,0.017196672425597914
238,32933062404974.36,-1991636291717.1013,1165487174154.6895,1,0.031039816045982715
239,33581200234846.58,-1991962999940.0137,1153562222149.932,1,0.030522549188279235
240,34307491817901.543,-1984359702271.2888,1182537199774.37,1,0.02018396982833931
241,34925987440698.42,-2285049717895.1675,1095688932844.2098,1,0.02175118652629837
242,35472031121743.14,-2576427448471.6665,995725186819.6035,1,0.03132707184578337
243,35862327809043.32,-3137070179591.372,937184096770.2505,1,0.043791217027124185
244,36042983648095.3,-3971536586978.971,759416687605.9832,1,0.022831217806129178
245,36037994237386.64,-4807051855915.568,641431340320.7792,1,0.047228001450247026
246,35814609240507.34,-5731160181870.57,515357228840.7917,1,0.03938937745406035
247,35291668624051.26,-6279782770618.985,232975478959.10184,1,0.02950208517319336
248,34642019300186.32,-6770393344787.484,12544881654.704557,1,0.020726870254542784
249,33957676886876.324,-7052707270957.977,-281008230975.6277,1,0.027547177881193652
250,33122716529529.617,-6905207904705.028,-719664018917.3044,1,0.040408956377951166
251,32283291554813.45,-7031561849060.689,-1179824422804.3818,1,0.03531927903446447
252,31268739326123.26,-7294369387024.253,-1725766334041.1182,1,0.03588576997545534
253,29984319277207.14,-7886227716382.923,-2281400988132.838,1,0.030095551204910476
254,28509960893465.01,-8775827366489.301,-2711869924854.492,1,0.04095322667350165
255,26722722449347.32,-9425677514474.592,-3085440591635.443,1,0.035056330780156464
256,24754580573481.562,-9585133525666.316,-3136470664635.284,1,0.029988730273344644
257,22664935625178.258,-9418327585044.35,-2813360208313.584,1,0.027245611231500433
258,20836504683486.375,-7935091659615.445,-1964156637195.9995,1,0.015074463208780808
259,19306763889536.14,-5827251814574.419,-948085730052.8105,1,0.022058739167072294
260,18755866559266.312,-3209206016749.008,-81634522799.34573,1,0.017883561311682228
261,18786412699226.23,-1198677222222.8704,500438701747.4631,1,0.028628824625842764
262,19446330712704.832,-18252291546.03765,704836322007.4542,1,0.03519461472140928
263,20377728319908.88,721579679603.7538,851137709694.2101,1,0.04113964770411138
264,21574607412628.887,874545386198.0297,869915325349.9155,1,0.04526342166896963
265,22868104900935.19,935236131199.7793,818336964562.6578,1,0.04631649739019689
266,24320764228635.57,734197235582.9703,824755756320.48,1,0.051945729102168436
267,25836493077986.977,619623099067.2273,786815852778.8485,1,0.05931985535848355
268,27392516880622.324,714617415849.6122,781769943005.5487,1,0.054288604429466425
269,29295793228975.516,1450805496916.2312,820132168252.5212,1,0.04971628349127177
270,32046058070274.01,3618656958719.9,680284575358.5891,1,0.0317683622764664
271,35498446799292.38,5680836190643.145,137681132650.11755,1,0.027217993760484283
272,39910062666609.09,7667959169818.126,-527340425697.55023,1,0.026937139213842498
273,44991123726842.54,9947004459069.518,-808120341359.779,1,0.02169915284051782
274,50751611871042.54,11782563415522.535,-1055462937824.114,1,0.042585347458058365
275,56928965973135.61,13265571466625.865,-1151206858207.4846,1,0.030669655257208994
276,63649175820389.62,13685340709664.203,-868050315999.0483,-1,-0.036917732918542445
277,70574060499318.8,13761066369389.576,-538506871679.5009,-1,-0.04286262856027839
