data,Algodao,Aluminio,Cobre,Dolar_Index,Estanho,Gas_Natural,Milho,Ouro,Paladio,Petroleo_WTI,Platina,Soja,Trigo,Zinco
2000-01-31,56.71363636363636,1379.268181818182,1650.311363636364,100.00000454545456,4445.136363636364,2.421578947368421,105.8442561224489,,484.7000122070313,27.259473684210523,455.0,208.67359625,140.4832855555555,782.3181818181818
2000-02-29,56.71363636363636,1379.268181818182,1650.311363636364,100.00000454545456,4445.136363636364,2.6595,105.8442561224489,,712.0,29.366000000000003,471.7000122070313,208.67359625,140.4832855555555,782.3181818181818
2000-03-31,56.71363636363636,1379.268181818182,1650.311363636364,100.00000454545456,4445.136363636364,2.793181818181818,105.8442561224489,,595.5,29.84173913043478,496.3999938964844,208.67359625,140.4832855555555,782.3181818181818
2000-04-30,56.71363636363636,1379.268181818182,1650.311363636364,100.00000454545456,4445.136363636364,3.041578947368421,105.8442561224489,,620.5999755859375,25.722105263157896,500.0,208.67359625,140.4832855555555,782.3181818181818
2000-05-31,56.71363636363636,1379.268181818182,1650.311363636364,100.00000454545456,4445.136363636364,3.586818181818181,105.8442561224489,,581.8499755859375,28.78818181818182,539.4000244140625,208.67359625,140.4832855555555,782.3181818181818
2000-06-30,56.71363636363636,1379.268181818182,1650.311363636364,100.00000454545456,4445.136363636364,4.292272727272728,105.8442561224489,,647.9500122070312,31.82227272727273,565.5,208.67359625,140.4832855555555,782.3181818181818
2000-07-31,56.71363636363636,1379.268181818182,1650.311363636364,100.00000454545456,4445.136363636364,3.99,105.8442561224489,,818.0,29.69684210526316,580.0,208.67359625,140.4832855555555,782.3181818181818
2000-08-31,56.71363636363636,1379.268181818182,1650.311363636364,100.00000454545456,4445.136363636364,4.429565217391304,105.8442561224489,278.29998779296875,716.75,31.26391304347826,586.7000122070312,208.67359625,140.4832855555555,782.3181818181818
2000-09-30,56.71363636363636,1379.268181818182,1650.311363636364,100.00000454545456,4445.136363636364,5.056,105.8442561224489,273.6000061035156,714.8499755859375,33.884,578.7999877929688,208.67359625,140.4832855555555,782.3181818181818
2000-10-31,56.71363636363636,1379.268181818182,1650.311363636364,100.00000454545456,4445.136363636364,5.022272727272727,105.8442561224489,,,33.108636363636364,,208.67359625,140.4832855555555,782.3181818181818
2000-11-30,56.71363636363636,1379.268181818182,1650.311363636364,100.00000454545456,4445.136363636364,5.5245,105.8442561224489,270.1000061035156,819.0,34.417142857142856,605.9000244140625,208.67359625,140.4832855555555,782.3181818181818
2000-12-31,56.71363636363636,1379.268181818182,1650.311363636364,100.00000454545456,4445.136363636364,8.9,105.8442561224489,272.0,954.4500122070312,28.4365,609.5999755859375,208.67359625,140.4832855555555,782.3181818181818
2001-01-31,56.71363636363636,1379.268181818182,1650.311363636364,100.00000454545456,4445.136363636364,8.172857142857143,105.8442561224489,265.6000061035156,1054.800048828125,29.58571428571428,601.0999755859375,208.67359625,140.4832855555555,782.3181818181818
2001-02-28,56.71363636363636,1379.268181818182,1650.311363636364,100.00000454545456,4445.136363636364,5.606315789473684,105.8442561224489,266.79998779296875,837.0,29.609473684210528,610.0,208.67359625,140.4832855555555,782.3181818181818
2001-03-31,56.71363636363636,1379.268181818182,1650.311363636364,100.00000454545456,4445.136363636364,5.2304545454545455,105.8442561224489,257.8999938964844,744.0,27.244545454545456,555.0,208.67359625,140.4832855555555,782.3181818181818
2001-04-30,56.71363636363636,1379.268181818182,1650.311363636364,100.00000454545456,4445.136363636364,5.192,105.8442561224489,,,27.49,,208.67359625,140.4832855555555,782.3181818181818
2001-05-31,56.71363636363636,1379.268181818182,1650.311363636364,100.00000454545456,4445.136363636364,4.191363636363636,105.8442561224489,265.29998779296875,639.5499877929688,28.62909090909091,603.0999755859375,208.67359625,140.4832855555555,782.3181818181818
2001-06-30,56.71363636363636,1379.268181818182,1650.311363636364,100.00000454545456,4445.136363636364,3.72047619047619,105.8442561224489,270.6000061035156,599.9500122070312,27.59904761904762,560.0999755859375,208.67359625,140.4832855555555,782.3181818181818
2001-07-31,56.71363636363636,1379.268181818182,1650.311363636364,100.00000454545456,4445.136363636364,3.10904761904762,105.8442561224489,,,26.4247619047619,,208.67359625,140.4832855555555,782.3181818181818
2001-08-31,56.71363636363636,1379.268181818182,1650.311363636364,100.00000454545456,4445.136363636364,2.967826086956522,105.8442561224489,274.3999938964844,453.0,27.37391304347826,443.0,208.67359625,140.4832855555555,782.3181818181818
2001-09-30,56.71363636363636,1379.268181818182,1650.311363636364,100.00000454545456,4445.136363636364,2.1915789473684213,105.8442561224489,292.3999938964844,357.0,26.199473684210528,433.2999877929688,208.67359625,140.4832855555555,782.3181818181818
2001-10-31,56.71363636363636,1379.268181818182,1650.311363636364,100.00000454545456,4445.136363636364,2.460869565217392,105.8442561224489,279.5,316.3999938964844,22.169565217391305,412.5,208.67359625,140.4832855555555,782.3181818181818
2001-11-30,56.71363636363636,1379.268181818182,1650.311363636364,100.00000454545456,4445.136363636364,2.3425,105.8442561224489,273.8999938964844,350.3999938964844,19.635,449.2999877929688,208.67359625,140.4832855555555,782.3181818181818
2001-12-31,56.71363636363636,1379.268181818182,1650.311363636364,100.00000454545456,4445.136363636364,2.3021052631578947,105.8442561224489,278.70001220703125,448.0,19.388947368421054,493.0,208.67359625,140.4832855555555,782.3181818181818
2002-01-31,56.71363636363636,1379.268181818182,1650.311363636364,100.00000454545456,4445.136363636364,2.3176190476190475,105.8442561224489,282.1000061035156,369.0,19.714761904761904,465.2000122070313,208.67359625,140.4832855555555,782.3181818181818
2002-02-28,56.71363636363636,1379.268181818182,1650.311363636364,100.00000454545456,4445.136363636364,2.323684210526316,105.8442561224489,296.70001220703125,372.0499877929688,20.723684210526315,,208.67359625,140.4832855555555,782.3181818181818
2002-03-31,56.71363636363636,1379.268181818182,1650.311363636364,100.00000454545456,4445.136363636364,3.0285,105.8442561224489,302.6000061035156,388.8999938964844,24.531,515.7000122070312,208.67359625,140.4832855555555,782.3181818181818
2002-04-30,56.71363636363636,1379.268181818182,1650.311363636364,100.00000454545456,4445.136363636364,3.4268181818181818,105.8442561224489,308.8999938964844,355.5,26.17909090909092,532.5,208.67359625,140.4832855555555,782.3181818181818
2002-05-31,56.71363636363636,1379.268181818182,1650.311363636364,100.00000454545456,4445.136363636364,3.4981818181818185,105.8442561224489,326.5,347.3999938964844,27.041363636363634,545.9000244140625,208.67359625,140.4832855555555,782.3181818181818
2002-06-30,56.71363636363636,1379.268181818182,1650.311363636364,100.00000454545456,4445.136363636364,3.2615000000000003,105.8442561224489,313.5,319.20001220703125,25.5185,537.2999877929688,208.67359625,140.4832855555555,782.3181818181818
2002-07-31,56.71363636363636,1379.268181818182,1650.311363636364,100.00000454545456,4445.136363636364,2.987142857142857,105.8442561224489,303.20001220703125,319.45001220703125,26.96619047619048,524.5999755859375,208.67359625,140.4832855555555,782.3181818181818
2002-08-31,56.71363636363636,1379.268181818182,1650.311363636364,100.00000454545456,4445.136363636364,3.087727272727273,105.8442561224489,312.3999938964844,327.79998779296875,28.385,565.7999877929688,208.67359625,140.4832855555555,782.3181818181818
2002-09-30,56.71363636363636,1379.268181818182,1650.311363636364,100.00000454545456,4445.136363636364,3.5490000000000004,105.8442561224489,,,29.6635,,208.67359625,140.4832855555555,782.3181818181818
2002-10-31,56.71363636363636,1379.268181818182,1650.311363636364,100.00000454545456,4445.136363636364,4.1265217391304345,105.8442561224489,318.0,310.5,28.83652173913044,571.7999877929688,208.67359625,140.4832855555555,782.3181818181818
2002-11-30,56.71363636363636,1379.268181818182,1650.311363636364,100.00000454545456,4445.136363636364,4.043157894736842,105.8442561224489,316.79998779296875,266.0,26.35210526315789,581.9000244140625,208.67359625,140.4832855555555,782.3181818181818
2002-12-31,56.71363636363636,1379.268181818182,1650.311363636364,100.00000454545456,4445.136363636364,4.740952380952381,105.8442561224489,,,29.46095238095237,,208.67359625,140.4832855555555,782.3181818181818
2003-01-31,56.71363636363636,1379.268181818182,1650.311363636364,100.00000454545456,4445.136363636364,5.432380952380952,105.8442561224489,368.2999877929688,259.0,32.94714285714286,658.9000244140625,208.67359625,140.4832855555555,782.3181818181818
2003-02-28,58.55263157894737,1421.535,1682.145,100.00000454545456,4572.2,7.707894736842104,106.1410799603174,350.20001220703125,243.6999969482422,35.828421052631576,672.5,209.6131391052632,141.6565043859649,785.635
2003-03-31,61.01,1386.52380952381,1655.692857142857,100.00000454545456,4592.666666666667,5.933333333333333,105.1318789115645,335.8999938964844,182.4499969482422,33.513333333333335,648.4000244140625,210.22208075,129.2458475,790.3047619047619
2003-04-30,60.78,1334.29,1587.8675,100.00000454545456,4561.2,5.263333333333334,105.3380933673469,339.1000061035156,156.0,28.1704761904762,599.2999877929688,221.70886125,126.0482736507937,756.725
2003-05-31,57.8025,1400.3975,1651.1,100.00000454545456,4733.9175,5.813809523809524,107.906400680272,364.5,185.0,28.108571428571427,636.7999877929688,232.412651,131.0524111111111,776.1
2003-06-30,58.5,1410.516666666667,1685.107142857143,100.00000454545456,4677.861904761905,5.8185714285714285,107.0253025510204,,,30.66238095238095,,229.77497825,118.1571338095238,790.6428571428571
2003-07-31,60.21304347826087,1440.880434782609,1712.826086956522,100.00000454545456,4733.152173913043,5.026363636363636,97.67066496598645,354.0,182.0,30.75454545454545,685.7000122070312,214.0320525,115.7759533333333,828.4847826086957
2003-08-31,60.5,1457.225,1756.725,100.00000454545456,4802.475,4.984761904761905,100.3495782142858,375.7000122070313,201.8000030517578,31.573809523809523,708.5999755859375,208.21867425,133.4844919047619,815.195
2003-09-30,64.18409090909091,1416.577272727273,1789.670454545455,100.00000454545456,4907.25,4.62047619047619,103.2384552721088,385.3999938964844,215.1499938964844,28.31142857142857,706.9000244140625,231.69964825,130.6499804761905,818.9204545454545
2003-10-31,72.55869565217391,1477.223913043478,1925.582608695652,100.00000454545456,5227.434782608696,4.626956521739131,104.2059515527951,384.5,208.1499938964844,30.33826086956521,754.9000244140625,268.9878472826087,130.0566044927537,900.0804347826087
2003-11-30,76.94210526315788,1511.585,2053.275,100.00000454545456,5363.325,4.47,108.1004848739496,396.7999877929688,188.8000030517578,31.10833333333333,,279.7210856447368,141.3470840350877,914.2125
2003-12-31,73.5875,1557.778571428571,2202.035714285714,100.00000454545456,6058.407142857143,6.127619047619048,111.9922095864662,415.7000122070313,197.5,32.12904761904762,811.2999877929688,283.1853660681818,145.0674953968254,976.7571428571428
2004-01-31,76.2421052631579,1608.892857142857,2421.47619047619,100.00000454545456,6432.488095238095,6.138947368421053,116.2455882936508,402.2000122070313,231.5500030517578,34.31,830.2999877929688,300.8987522625,147.2896123809525,1015.888095238095
2004-02-29,73.91578947368421,1685.225,2751.7175,100.00000454545456,6662.7,5.368947368421053,122.9324291353384,,,34.68473684210526,,316.5518101973684,141.7338594736842,1085.7875
2004-03-31,72.275,1657.354347826087,3000.282608695652,100.00000454545456,7602.20652173913,5.393913043478261,128.4601948757764,427.2999877929688,289.95001220703125,36.74130434782609,908.7000122070312,360.675360423913,142.548725,1101.795652173913
2004-04-30,69.43947368421053,1731.68,2926.975,100.00000454545456,8909.0,5.709047619047619,133.439499659864,387.0,258.29998779296875,36.75,863.5,363.50454925,146.0648234920634,1028.9125
2004-05-31,70.03947368421053,1625.25,2728.460526315789,100.00000454545456,9391.631578947368,6.3335,129.2852157142858,394.0,257.45001220703125,40.275,,347.87097975,143.1842673684211,1030.957894736842
2004-06-30,64.63428571428571,1682.029545454545,2689.045454545455,100.00000454545456,9158.636363636364,6.270476190476191,123.2787510204081,392.6000061035156,214.9499969482422,38.025238095238095,,320.2296963409091,136.8614098412698,1018.840909090909
2004-07-31,57.01590909090909,1707.840909090909,2816.795454545455,100.00000454545456,9021.909090909092,5.931428571428572,104.4944887755102,391.0,217.1999969482422,40.77809523809524,817.9000244140625,289.785314,132.387431,988.084090909091
2004-08-31,53.47142857142857,1692.071428571429,2844.202380952381,100.00000454545456,9021.42857142857,5.406363636363636,104.0931375,,,44.90318181818182,,225.7900365,122.05578,976.7738095238096
2004-09-30,56.67857142857143,1731.0,2903.170454545455,100.00000454545456,9015.681818181818,5.145238095238095,97.7269052721088,418.7000122070313,224.75,45.93571428571428,861.0,206.447103,126.8207655,980.0022727272728
2004-10-31,52.52222222222222,1830.357142857143,3009.404761904762,100.00000454545456,9043.214285714286,6.353333333333333,93.41514846938772,428.5,212.1999969482422,53.28047619047619,833.0,193.43370925,123.0562893650794,1066.928571428571
2004-11-30,49.2425,1817.340909090909,3130.309090909091,100.00000454545456,9038.651363636363,6.165,93.75851033834596,451.2999877929688,210.6000061035156,48.469,872.2999877929688,195.8176755,127.1330866666666,1100.204545454545
2004-12-31,48.5952380952381,1852.909523809524,3139.785714285714,100.00000454545456,8473.714285714286,6.576666666666667,95.60852040816332,43.8,185.25,43.14952380952381,863.7000122070312,198.59095,123.5545730434783,1182.121428571429
2005-01-31,51.26052631578947,1836.175,3168.1,100.00000454545456,7705.65,6.15,96.03875875000006,42.22,190.3999938964844,46.837,873.7999877929688,195.6647954625,122.7789621666666,1245.525
2005-02-28,52.165,1882.775,3247.1,100.00000454545456,8106.325,6.137894736842106,94.35939360902258,43.52,183.0500030517578,48.148947368421055,866.0,197.58924675,123.129960877193,1323.08
2005-03-31,56.23571428571429,1987.5,3378.904761904762,100.00000454545456,8442.238095238095,6.96,100.0140110544218,42.82,203.5500030517578,54.186818181818175,870.5999755859375,233.1805307045455,129.9556683333334,1373.928571428571
2005-04-30,56.9547619047619,1891.988095238095,3389.809523809524,100.00000454545456,8133.809523809524,7.158571428571428,96.47087176870753,43.35,197.8999938964844,52.97904761904762,868.5999755859375,228.7645265,120.0643050793651,1297.785714285714
2005-05-31,55.84,1741.45,3241.9,100.00000454545456,8099.25,6.472380952380952,95.364812414966,41.65,,49.83380952380952,,233.462471,119.1544619047619,1245.5075
2005-06-30,53.98636363636364,1731.943181818182,3529.727272727273,100.00000454545456,7604.363636363636,7.1827272727272735,97.61527678571429,43.44,181.9499969482422,56.35227272727273,883.5,254.7424019318182,122.4733216666667,1273.097727272727
2005-07-31,54.9725,1783.261904761905,3608.47619047619,100.00000454545456,7180.928571428571,7.6285,105.6642871428571,42.82,194.6000061035156,58.99550000000001,897.9000244140625,253.3478115,130.1644391666666,1196.833333333333
2005-08-31,54.06590909090909,1871.272727272727,3791.909090909091,100.00000454545456,7228.136363636364,9.532608695652174,99.28663642857136,43.4,181.9499969482422,64.98521739130435,894.5,230.4269316847826,131.558302173913,1300.722727272727
2005-09-30,54.9452380952381,1837.693181818182,3850.659090909091,100.00000454545456,6770.579545454545,11.745333333333331,97.07076836734691,46.7,199.6499938964844,65.58666666666666,930.2999877929688,212.01552325,137.3863193650793,1396.647727272727
2005-10-31,58.23809523809524,1934.142857142857,4056.166666666667,100.00000454545456,6415.47619047619,13.42235294117647,101.5512460884354,46.4,227.1499938964844,62.260000000000005,942.4000244140624,211.16691875,143.0728392063492,1483.202380952381
2005-11-30,56.82954545454545,2056.970454545455,4278.159090909091,100.00000454545456,6173.715909090909,10.304,95.9797064285714,49.1,255.5,58.322500000000005,952.5,210.9000895,136.3539973015872,1610.636363636364
2005-12-31,56.5255,2250.9,4577.025,100.00000454545456,6762.5,13.049047619047618,102.6760522108844,51.58,263.45001220703125,59.411904761904765,973.0,216.542872,139.99337,1819.325
2006-01-31,59.005,2383.302380952381,4743.857142857143,100.00000454545456,7067.357142857143,8.686,102.7904075000001,56.7,,65.485,,214.0090876875,144.5679565,2091.75
2006-02-28,60.75,2453.375,4974.975,100.21117,7788.8625,7.536315789473684,106.9365020676692,56.07,289.29998779296875,61.63105263157895,,214.3656466184211,158.8873501754386,2219.725
2006-03-31,58.61521739130435,2432.478260869565,5123.673913043478,100.42808695652174,7949.021739130435,6.888260869565218,104.9520803571429,58.1,336.79998779296875,62.68521739130435,1059.4000244140625,212.7140719565217,155.7931466666667,2427.645652173913
2006-04-30,57.17631578947368,2623.858333333333,6404.444444444444,99.74348,8859.652777777777,7.163684210526316,107.9103473684211,65.09,377.0499877929688,69.44368421052631,1163.300048828125,208.9024385921053,161.2080028070176,3068.338888888889
2006-05-31,55.41190476190476,2852.071428571429,8059.190476190476,97.51177391304348,8793.166666666668,6.244999999999999,110.6246821428572,64.23,347.25,70.84409090909091,1246.800048828125,217.3556871818182,176.6034233333333,3544.642857142857
2006-06-30,56.41818181818182,2490.954545454545,7222.772727272727,98.69272272727272,7858.772727272727,6.21,109.612356632653,61.23,309.5,70.9509090909091,1246.699951171875,216.5039014090909,176.920755,3197.590909090909
2006-07-31,56.725,2511.833333333333,7726.738095238095,98.4387142857143,8356.440476190475,6.16842105263158,114.3056101785715,63.16,,74.41105263157894,1242.0,217.2517192125,181.3483668333334,3320.738095238095
2006-08-31,59.85434782608696,2461.552272727273,7690.25,97.7137652173913,8436.681818181818,7.135217391304349,115.2772892857144,62.29,343.20001220703125,73.04304347826087,,203.8436635108696,165.1293783333334,3339.965909090909
2006-09-30,58.82,2484.380952380952,7622.642857142857,97.98136190476193,8975.02380952381,4.896,120.2698946428572,59.47,316.20001220703125,63.798,1141.199951171875,199.307014725,164.9423196666666,3394.059523809524
2006-10-31,57.02727272727273,2657.147727272727,7497.409090909091,98.31565454545454,9809.5,5.846818181818182,142.2624107142858,60.24,,58.89318181818182,,217.8859655795455,182.432305,3829.602272727273
2006-11-30,57.4,2702.136363636364,7029.295454545455,97.5132818181818,10038.40909090909,7.4045,164.10640125,64.39,329.3500061035156,59.0825,1150.5999755859375,244.00003925,182.3010776190477,4378.613636363636
2006-12-31,59.42631578947368,2823.671052631579,6680.973684210526,96.79507142857145,11125.94736842105,6.733499999999999,160.7207348214285,63.21,326.3999938964844,61.959,1139.300048828125,243.307595475,179.5295553333334,4381.447368421053
2007-01-31,59.05238095238095,2799.059090909091,5689.340909090909,97.83377727272727,11331.45454545455,6.551904761904762,165.1600189849624,64.83,340.54998779296875,54.50619047619048,1180.699951171875,255.8673795,172.5666305,3784.863636363636
2007-02-28,57.89210526315789,2839.05,5718.15,97.476425,12890.2,8.00157894736842,177.3848855263158,66.48,351.1000061035156,59.27894736842105,1193.0,278.0386109605263,175.26729,3321.375
2007-03-31,58.41136363636364,2757.079545454545,6465.295454545455,97.01175454545456,13787.25,7.107727272727273,169.5832697278912,65.74,354.3500061035156,60.441818181818185,1248.300048828125,276.9598141704545,173.313195,3256.181818181818
2007-04-30,57.1775,2817.052631578947,7753.342105263158,95.6322,13952.84210526316,7.600499999999999,152.6305667857144,67.09,,63.977,,270.3922953375,178.5558481666666,3566.855263157895
2007-05-31,55.57380952380952,2804.604761904762,7677.952380952381,94.72254782608697,14162.14285714286,7.637272727272728,160.1391589285714,65.54,368.0,63.45454545454545,,283.2062431704545,178.0063633333333,3847.52380952381
2007-06-30,60.43947368421053,2681.309523809524,7514.238095238095,94.44490952380951,14078.83333333333,7.346190476190476,164.5372644841271,64.27,364.1499938964844,67.48904761904762,1279.0,302.8293275,206.5169036507937,3628.654761904762
2007-07-31,67.805,2738.090909090909,7980.931818181818,93.20591363636365,14732.72727272727,6.218571428571429,147.2164013157895,65.79,,74.11761904761904,,313.476252,222.0017346031745,3546.295454545455
2007-08-31,66.61818181818182,2512.602272727273,7500.204545454545,93.76029565217392,15046.97727272727,6.217826086956522,151.0307857142857,66.52,333.5,72.35608695652174,1271.5999755859375,309.0065292391304,240.686992173913,3244.170454545455
2007-09-30,68.2078947368421,2394.9625,7671.35,92.436595,14989.05,6.079473684210527,160.1250315789473,73.51,341.8999938964844,79.91473684210526,1395.199951171875,347.5615591184211,297.9524591228071,2887.6
2007-10-31,68.93260869565216,2444.532608695652,8020.586956521739,90.40017826086957,16068.34782608696,6.74304347826087,164.1141037267081,78.62,,85.7986956521739,1468.0,358.4028424565217,303.6304907246377,2979.989130434783
2007-11-30,69.70714285714286,2507.152272727273,6957.431818181818,89.05299545454545,16660.77272727273,7.102380952380953,171.113943392857,77.32,348.6499938964844,94.77238095238096,,389.01517525,286.495618095238,2554.602272727273
2007-12-31,69.58684210526316,2382.833333333333,6630.736111111111,90.00495714285714,16244.72222222222,7.1045,180.2832636554621,82.46,365.0499877929688,91.687,1528.4000244140625,423.0807406875,339.2256959259258,2378.597222222222
2008-01-31,73.24772727272727,2456.125,7078.909090909091,89.39711739130435,16310.93181818182,7.985238095238095,206.5588043233083,91.4,,92.9704761904762,1736.9000244140625,461.71521025,336.1170650793652,2364.409090909091
2008-02-29,75.0547619047619,2784.892857142857,7941.142857142857,88.6434380952381,17269.80952380952,8.544,220.0475977443609,96.18,571.9500122070312,95.386,2155.699951171875,508.2158935875,393.8737348333333,2458.47619047619
2008-03-31,80.17894736842105,3012.052631578947,8434.315789473683,86.83986666666667,19799.07894736842,9.413,233.9259292857142,90.41,452.5,105.454,2024.4000244140625,495.69088485,403.8128966666666,2511.184210526316
2008-04-30,75.40681818181818,2968.034090909091,8714.181818181818,86.54753636363635,21646.02272727273,10.181363636363637,246.6418625000001,86.65,,112.58045454545454,1970.5999755859373,482.7913408977273,326.8516166666667,2278.511363636364
2008-05-31,74.1225,2908.2775,8356.125,86.82446363636363,23853.6,11.26904761904762,243.5317735714286,87.45,435.0,125.39761904761905,,489.08926675,288.4202863492064,2178.325
2008-06-30,77.04285714285714,2967.869047619048,8292.0,87.07280476190476,22133.42857142857,12.685238095238097,287.1320708928572,91.4,,133.88,,552.47214925,314.1583500000001,1906.17380952381
2008-07-31,77.2891304347826,3067.45652173913,8407.021739130436,86.45375652173914,22955.63043478261,11.088636363636365,267.1414540816327,90.08,383.3500061035156,133.3709090909091,1750.300048828125,554.1492764659091,299.42748,1856.445652173913
2008-08-31,78.0375,2762.56,7633.8,88.94499523809525,19935.0,8.256666666666666,235.1594666666667,81.71,303.79998779296875,116.66619047619048,,471.06735675,304.1640726666666,1734.65
2008-09-30,73.58636363636364,2524.147727272727,6975.113636363636,91.26510909090908,18306.59090909091,7.673809523809524,233.9456133928573,85.07,224.5500030517578,104.11428571428571,1015.0999755859376,433.383193,263.0496593650794,1744.522727272727
2008-10-31,62.30217391304348,2122.028260869565,4894.891304347826,98.04,14423.34782608696,6.736521739130435,183.0247028911565,71.34,198.5500030517578,76.6086956521739,811.0999755859375,338.7849017608696,202.7749350000001,1303.004347826087
2008-11-30,55.06052631578947,1857.13,3729.1875,100.76666,13674.15,6.683684210526316,164.3044002100839,80.31,192.6000061035156,57.30947368421053,,329.1365274473684,194.1146296078431,1169.3625
2008-12-31,55.46904761904762,1504.416666666667,3105.095238095238,99.66224782608695,11292.14285714286,5.815454545454545,158.9097969642857,86.52,186.6499938964844,41.121818181818185,936.2000122070312,318.8142288068182,188.8449496825397,1112.904761904762
2009-01-31,57.6952380952381,1420.359523809524,3260.357142857143,100.35208421052631,11563.33333333333,5.2405,173.2951299319728,91.31,184.5,41.71,960.0,364.7179662,211.2760833333333,1202.52380952381
2009-02-28,55.21,1338.0625,3328.4125,102.97372631578948,11074.775,4.514736842105263,163.3999605158729,92.63,,39.08736842105263,,341.2716178421053,195.2249026315789,1118.0025
2009-03-31,51.5,1338.079545454545,3770.875,103.43974545454545,10689.40909090909,3.959545454545456,164.5770303571428,90.28,,47.93909090909092,,333.6578485227273,199.1005683333334,1223.218181818182
2009-04-30,56.775,1431.8125,4436.925,100.71618636363635,11830.2,3.494761904761905,168.795905442177,87.27,218.1000061035156,49.64666666666666,1096.0999755859375,374.46641975,200.8876466666667,1388.1375
2009-05-31,61.95,1466.671052631579,4591.460526315789,97.55188,13814.89473684211,3.832500000000001,180.0702121428572,96.2,236.0500030517578,59.0285,,422.3550526125,227.186091,1492.518421052632
2009-06-30,61.38863636363636,1579.627272727273,5015.431818181818,96.04261818181818,15005.25,3.800454545454545,179.3937946428571,91.18,247.0,69.64090909090909,1176.699951171875,445.1081712954545,227.3146938333333,1556.772727272727
2009-07-31,64.79782608695652,1670.55652173913,5228.413043478261,95.66055909090908,13923.4347826087,3.383636363636364,151.8002553571427,93.35,,64.15227272727272,1167.5999755859375,398.0887615568182,195.3259916666666,1580.858695652174
2009-08-31,64.255,1927.6375,6176.875,94.37304285714286,14761.65,3.1409523809523807,152.0362942176871,93.4,291.79998779296875,71.04476190476191,,408.957381,179.5540511111111,1818.0125
2009-09-30,64.07272727272726,1835.597727272727,6195.75,93.6638,14936.22727272727,2.986666666666667,150.5927930272108,98.85,298.54998779296875,69.40809523809523,1295.5999755859375,349.05202725,156.9304506349206,1879.147727272727
2009-10-31,66.82045454545455,1875.663636363636,6305.988636363636,92.2597619047619,15037.40909090909,4.007727272727273,167.2791214285714,102.53,316.75,75.71545454545455,1297.4000244140625,354.8648090113636,163.7264383333332,2070.844545454545
2009-11-30,71.77619047619048,1956.547619047619,6682.440476190476,91.7996105263158,14966.14285714286,3.663,171.6868545112783,115.64,,77.99,,370.7071893,177.6072814035088,2196.547619047619
2009-12-31,76.78333333333333,2181.257142857143,6976.97619047619,92.25861904761904,15588.69047619048,5.347727272727273,164.6128196428572,107.31,407.25,74.47,1460.0,379.2993695113636,171.1554987301588,2374.038095238095
2010-01-31,77.39,2230.1125,7367.375,92.4403,17710.2,5.832105263157895,167.3356308270676,105.96,416.5,78.32578947368421,1501.300048828125,358.9666102105263,167.8218628070175,2414.6625
2010-02-28,80.0475,2053.27,6867.675,93.88668,16352.3,5.32,161.9069612781955,109.43,43.23,76.38736842105263,154.08,344.6607406973684,160.1615603703704,2158.8
2010-03-31,85.78636363636365,2210.530434782609,7466.934782608696,93.14987826086956,17509.13043478261,4.290869565217391,158.9277694099379,108.95,47.85,81.20347826086957,164.29,348.9493274673913,156.4641179710145,2277.263043478261
2010-04-30,88.075,2314.2775,7729.8375,92.63908636363637,18634.6,4.033809523809524,157.2666426870748,115.36,54.8,84.29285714285714,173.5499,357.63868,156.8254687301588,2367.5
2010-05-31,90.07105263157895,2044.710526315789,6843.157894736842,95.53064,17565.02631578947,4.14,163.2403005357142,118.881,45.92,73.7435,154.4,349.0513711125,158.3284596666667,1969.789473684211
2010-06-30,91.68333333333332,1929.409090909091,6501.5,96.06062727272727,17257.72727272727,4.801363636363636,152.8739339285714,121.68,44.03,75.3359090909091,152.575,348.5139945,149.21269,1746.511363636364
2010-07-31,84.15,1989.045454545455,6750.568181818182,94.45469047619048,18206.52272727273,4.626666666666667,163.9217455782313,115.49,49.68,76.31952380952382,156.85,370.97576825,182.7385022222222,1847.027272727273
2010-08-31,90.3452380952381,2110.440476190476,7302.666666666667,93.68223181818183,20733.07142857143,4.315,175.6001303571429,122.08,49.91,76.59909090909092,151.74,379.4622109090909,219.8774416666667,2047.47619047619
2010-09-30,104.7318181818182,2171.243181818182,7729.590909090909,92.76259523809524,22694.36363636364,3.894285714285714,205.8395204081632,127.91,56.38,75.24190476190476,165.012,390.23121675,240.4321828333334,2150.943181818182
2010-10-31,126.552380952381,2342.178571428571,8289.761904761905,90.22912,26237.09523809524,3.4342857142857146,235.7031229591837,132.62,64.48,81.89285714285714,169.48,427.17613225,234.5995631746031,2373.561904761905
2010-11-30,155.4681818181818,2324.045454545455,8458.420454545456,90.509535,25403.09090909091,3.713809523809524,238.23674875,135.42,69.72,84.25285714285714,165.64,459.961136,241.8401333333334,2283.295454545455
2010-12-31,168.2238095238095,2356.669047619048,9152.857142857143,91.18347142857144,26103.85714285714,4.248636363636364,250.6255508503401,138.72,79.8599,89.14590909090909,176.11,483.7558630227273,274.4568181666668,2287.321428571429
2011-01-31,178.9275,2439.7,9533.2,90.11122,27439.35,4.4935,265.2855239795918,129.87,80.97,89.1705,178.24,511.104867,295.9886068333333,2375.8125
2011-02-28,213.175,2515.26,9880.9375,89.3966894736842,31619.65,4.092631578947369,293.3967969924812,137.661,79.44,88.57842105263158,179.47,512.0524676842105,317.6006514035087,2473.45
2011-03-31,229.6673913043478,2555.5,9503.358695652174,88.48722608695653,30590.9347826087,3.973913043478261,290.4347217391303,139.86,76.03,102.85652173913044,175.76,498.739813173913,285.3758111111111,2341.478260869565
2011-04-30,216.6166666666667,2667.416666666667,9482.75,86.92136666666667,32347.69444444444,4.235,318.9387760204081,152.37,78.95,109.5325,185.87,501.468831675,307.2544084210527,2371.477777777778
2011-05-31,165.52,2587.2125,8931.675,86.94640476190476,28571.4,4.310952380952381,308.5752214285714,149.64,76.96,100.90047619047618,181.66,498.76510775,307.1945503174603,2159.6
2011-06-30,164.925,2557.761363636364,9066.852272727274,86.94125454545454,25519.68181818182,4.536818181818182,310.5364742857143,146.001,75.5,96.26409090909092,171.13,499.7727758863636,285.29787,2234.465909090909
2011-07-31,149.25,2525.428571428571,9650.464285714286,86.31780499999999,27398.09523809524,4.4235,300.8322094642856,158.29,81.91,97.3035,176.02,501.82708275,271.4622093333333,2397.754761904762
2011-08-31,114.0977272727273,2380.975,8997.988636363636,86.89824347826087,24056.72727272727,4.054782608695652,310.3071116459627,177.72,77.43,86.33304347826088,182.75,501.423700826087,288.6883083333334,2199.238636363636
2011-09-30,116.8772727272727,2293.461363636364,8300.136363636364,89.72526666666667,22526.60227272727,3.896190476190476,296.2994964285715,158.06,60.0,85.51523809523809,150.32,490.90895475,272.340557936508,2075.220454545455
2011-10-31,110.6119047619048,2180.647619047619,7394.190476190476,90.609845,21868.64285714286,3.5657142857142854,274.8463760204082,167.34,64.135,86.32238095238095,158.43,446.016027,251.5891347619049,1871.416666666667
2011-11-30,104.6840909090909,2079.981818181818,7581.022727272727,91.26488,21291.70454545455,3.238571428571429,274.2783489285714,170.13,60.72,97.1604761904762,153.9,428.8252245,244.5378501587302,1935.318181818182
2011-12-31,95.445,2024.375,7558.875,92.20559047619048,19386.9125,3.1695238095238096,258.5179404761905,151.99,64.56,98.56285714285715,137.82,420.04610475,236.0596865,1911.15
2012-01-31,101.1142857142857,2151.333333333333,8061.916666666667,91.646265,21547.70238095238,2.6705,272.9201455357144,169.31,67.9,100.2735,156.86,441.7327614,243.7023691666668,1989.22619047619
2012-02-29,100.7452380952381,2207.916666666667,8441.488095238095,89.9605,24293.30952380952,2.5045,279.5143214285714,164.286,69.2,102.204,165.62,461.55598755,245.9804765,2057.785714285714
2012-03-31,99.50454545454544,2184.159090909091,8470.784090909092,90.51121363636364,22985.43181818182,2.171818181818182,280.7150519642858,162.12,64.47,106.15772727272729,161.72,496.2904752272727,243.4935983333332,2035.925
2012-04-30,100.0973684210526,2048.505263157895,8285.526315789473,90.81560952380951,22114.52631578947,1.945,274.2192966071428,161.88,67.41,103.321,154.55,529.42160145,228.0863108333332,2002.684210526316
2012-05-31,88.5340909090909,2002.522727272727,7896.909090909091,92.49278636363636,20295.34090909091,2.4318181818181817,268.8849035714286,151.62,60.31,94.65454545454546,139.54,520.9254559090909,228.87964,1928.011363636364
2012-06-30,82.18157894736842,1885.513157894737,7428.289473684211,93.88086666666666,19255.39473684211,2.455238095238095,267.3289217687075,155.19,57.33,82.30333333333333,142.66,522.3291925,241.9657934920636,1855.934210526316
2012-07-31,83.96818181818182,1876.25,7584.261363636364,93.40616666666668,18546.09090909091,2.9533333333333336,332.9988525510204,156.49,57.97,87.8952380952381,139.46,609.4467555,310.7464380952381,1847.75
2012-08-31,84.39772727272727,1843.327272727273,7510.431818181818,92.5282652173913,18675.55681818182,2.8382608695652176,332.2334953416149,164.22,61.74,94.13130434782607,151.52,622.9135497717391,315.5482191304348,1816.318181818182
2012-09-30,84.15,2064.12,8087.7425,90.9802,20771.2625,2.8478947368421053,320.7059056390978,171.89,62.85,94.51368421052632,163.38,615.18139725,316.6530515789474,2009.85
2012-10-31,81.95217391304348,1974.304347826087,8062.032608695652,90.75663,21233.69565217391,3.317391304347826,321.3824173214286,166.83,59.72,89.4913043478261,154.45,565.5254818043478,318.4078349275362,1903.958695652174
2012-11-30,80.87272727272727,1948.829545454545,7711.227272727273,91.47508,20713.06818181818,3.5404761904761903,321.5968704887218,166.05,67.225,86.53142857142858,157.44,533.028608,319.4599361904761,1912.397727272727
2012-12-31,83.37368421052632,2086.763157894737,7966.486842105263,90.88039,22880.89473684211,3.3415,308.7504005639098,162.0204,69.22,87.8595,151.36,534.7907746125,303.0385561403509,2040.428947368421
2013-01-31,85.50681818181818,2037.606818181818,8053.738636363636,90.82551428571428,24598.89772727273,3.3285714285714287,303.3602112244898,161.2,72.98,94.75666666666667,164.9,526.047305,288.2103225396826,2031.409090909091
2013-02-28,89.71,2053.595,8060.925,91.55087368421052,24211.7375,3.33,302.6103404761907,153.0,71.551,95.30894736842104,155.51,536.3758301447368,271.6785887037037,2128.6875
2013-03-31,94.4475,1911.2825,7652.375,92.41318,23302.0,3.8095,309.579205075188,154.47,75.73,92.9385,154.23,536.081397075,263.341859,1929.15
2013-04-30,92.535,1861.02380952381,7221.161904761905,92.04782272727272,21589.64285714286,4.166363636363636,279.7648464285715,142.77,68.47,92.02136363636365,147.49,517.7897151477273,264.1702616666668,1855.6
2013-05-31,92.62272727272727,1832.571428571429,7248.714285714286,92.5289681818182,20781.61904761905,4.041363636363636,295.368975,133.92,73.306,94.50954545454546,142.5,542.199223125,276.0451466666666,1831.011904761905
2013-06-30,93.08,1814.5375,7000.2375,93.283615,20267.4,3.826,297.1119132142858,119.11,64.65,95.7725,131.08,560.1577065,266.8508791666666,1839.0125
2013-07-31,92.61521739130436,1769.608695652174,6906.641304347826,93.87238636363637,19563.82608695652,3.622727272727273,279.0132714285715,127.96,71.2,104.67090909090908,140.49,548.3496174545455,257.4728933333333,1837.619565217391
2013-08-31,92.71428571428572,1816.235714285714,7186.25,93.71488636363635,21638.21428571429,3.4254545454545453,234.9387660714285,134.62,70.42,106.57272727272726,148.62,498.0483272386364,258.9259383333334,1896.392857142857
2013-09-30,90.09285714285714,1761.304761904762,7159.269047619048,93.470565,22735.07142857143,3.62,207.490173392857,128.18,70.74,106.2895,137.32,503.2371222375,257.499616,1846.880952380952
2013-10-31,89.34782608695652,1814.582608695652,7203.021739130435,92.49926818181818,23101.58695652174,3.677826086956522,201.7799928571429,127.74,71.95,100.53826086956522,141.64,472.8275169130435,278.1495566666667,1884.836956521739
2013-11-30,84.64761904761905,1747.964285714286,7070.654761904762,93.37366842105264,22826.88095238095,3.638,199.1824441729323,120.7,70.16,93.864,133.48,476.6622412125,259.7777233333333,1866.416666666667
2013-12-31,87.4875,1739.81,7214.9,93.53402,22762.125,4.239047619047619,197.5534486394558,116.12,69.62,97.6252380952381,133.89,488.66933875,246.1125787301587,1974.975
2014-01-31,90.96363636363635,1727.411363636364,7291.465909090909,94.46474761904764,22063.86363636364,4.713333333333334,198.7719886054421,120.09,68.7,94.61714285714284,134.27,476.1021185,229.9803593650794,2036.931818181818
2014-02-28,94.05,1695.165,7149.2125,94.64558235294118,22820.675,6.000526315789474,209.3560195488722,127.62,72.5,100.81736842105263,141.01,496.7989974868421,242.7982815789473,2034.525
2014-03-31,96.94761904761906,1705.366666666667,6650.035714285714,94.44082105263158,23024.30952380952,4.903333333333333,222.3929171768708,123.61,75.54,100.80380952380952,138.12,522.00112375,275.612493968254,2007.904761904762
2014-04-30,94.2025,1810.675,6673.5625,93.99555,23405.2,4.657619047619048,222.4304107142858,124.22,78.96,102.0690476190476,138.91,547.18805525,276.3823612698412,2027.2125
2014-05-31,92.7125,1751.05,6891.125,93.67002857142856,23271.25,4.581904761904762,216.9751010204081,120.43,81.55,102.17714285714284,141.4,546.03325325,287.9128738095238,2058.975
2014-06-30,90.89761904761905,1838.952380952381,6821.142857142857,93.82740476190476,22762.0,4.587619047619048,202.6338229591838,128.04,82.19,105.7942857142857,144.63,528.00259475,261.6499006349206,2128.095238095238
2014-07-31,83.83695652173913,1948.304347826087,7113.380434782609,93.6038590909091,22424.01086956522,4.050909090909091,182.29451625,123.39,84.62,103.58863636363638,142.01,463.2336714886364,238.549905,2310.619565217391
2014-08-31,73.995,2030.4925,7001.8375,94.58080952380952,22231.05,3.912380952380952,176.4820806122449,123.86,88.1,96.53619047619048,138.5,432.98513625,229.158001111111,2326.9875
2014-09-30,73.38181818181818,1990.431818181818,6872.215909090909,96.12086666666669,21090.52272727273,3.923809523809524,163.134381292517,116.21,75.18,93.21190476190476,126.29,368.84988275,211.1711014285714,2294.590909090909
2014-10-31,70.34347826086957,1946.189130434783,6737.478260869565,97.43960454545454,19830.41304347826,3.781739130434783,163.3780892857143,112.66,77.09,84.39695652173914,120.13,354.4409130652174,210.7249283333333,2276.826086956522
2014-11-30,67.525,2055.555,6712.85,99.11468888888888,20033.475,4.122631578947368,178.7085350840336,112.11,78.42,75.78947368421052,116.47,379.3448596184211,215.9879182352942,2253.225
2014-12-31,68.3047619047619,1909.459523809524,6446.452380952381,101.44413333333333,19829.71428571429,3.481818181818181,178.7129460884353,113.58,77.49,59.29045454545455,117.05,378.781617375,234.8588366666666,2175.761904761905
2015-01-31,67.35,1814.719047619048,5830.535714285714,103.76074,19454.11904761905,2.9945,174.7948714285715,123.45,74.85,47.219,120.4,367.49211555,213.0214075,2113.047619047619
2015-02-28,69.8425,1817.82,5729.275,105.16853888888888,18233.9125,2.874736842105263,173.7588657894737,116.16,79.37,50.58421052631579,115.2,364.7392388684211,201.7420687719298,2097.7625
2015-03-31,69.35227272727273,1773.863636363636,5939.670454545455,107.36473809523812,17421.90909090909,2.830909090909091,174.2938214285714,113.66,71.31,47.82363636363636,110.71,359.5955603863636,202.6914266666666,2028.727272727273
2015-04-30,71.7025,1819.1875,6042.0875,106.35228181818182,15900.875,2.609047619047619,172.1515770408164,113.47,75.27,54.45285714285714,110.56,356.92567725,195.9312282539683,2212.725
2015-05-31,72.86315789473684,1804.039473684211,6294.776315789474,105.40651499999998,15803.59210526316,2.85,166.3503894642858,114.1,75.2,59.265,107.66,351.94953045,193.2165711666666,2281.802631578947
2015-06-30,72.35227272727273,1687.727272727273,5833.011363636364,106.17898636363635,15064.94318181818,2.783636363636364,166.8138607142856,112.37,65.15,59.819545454545455,104.2,354.8230548068182,199.8354416666666,2082.090909090909
2015-07-31,72.34782608695652,1639.5,5456.75,108.1235681818182,15071.53260869565,2.8395652173913044,179.6085303571429,104.93,59.11,50.90090909090909,95.15,372.3472944545455,199.21748,2000.684782608696
2015-08-31,71.8225,1548.125,5127.3,109.9767476190476,15163.775,2.773809523809524,162.7406991496599,108.82,58.02,42.86761904761905,97.65,347.02237525,173.5175915873016,1807.6375
2015-09-30,68.73636363636363,1589.602272727273,5217.25,110.85125714285716,15453.34090909091,2.6609090909090907,166.0776239795919,106.86,62.96,45.47952380952381,87.86,323.554524,164.0692201587302,1720.227272727273
2015-10-31,69.02727272727273,1516.488636363636,5216.090909090909,109.90357142857142,15794.61363636364,2.340909090909091,171.4485732142857,109.3,65.2,46.22363636363636,94.96,327.4197703636364,165.4514819047619,1724.340909090909
2015-11-30,69.22142857142858,1467.892857142857,4799.904761904762,111.6916105263158,14745.28571428571,2.092380952380952,166.0924240601504,101.92,52.45,42.4435,80.12,319.0822908,157.8043789473684,1583.309523809524
2015-12-31,70.38809523809525,1497.202380952381,4638.833333333333,112.7857409090909,14691.69047619048,1.929565217391304,164.0044017857142,101.46,54.17,37.18863636363636,85.83,323.3153320568182,163.893455,1527.785714285714
2016-01-31,68.75,1481.1,4471.7875,115.2343875,13808.075,2.282380952380952,161.0988768796993,106.9492,48.05,31.683157894736844,83.97,323.2043537763158,164.6116266666668,1520.3625
2016-02-29,66.57142857142857,1531.261904761905,4598.619047619048,114.281735,15610.14285714286,1.9890476190476192,159.7168453571428,118.64,47.5101,30.323,90.29,320.12948625,159.283795,1709.845238095238
2016-03-31,65.45714285714286,1531.011904761905,4953.797619047619,111.89339130434782,16897.59523809524,1.7282608695652173,159.2265321428571,117.64,54.29,37.54636363636364,94.04,326.9354215909091,164.0604716666667,1801.690476190476
2016-04-30,69.27857142857142,1571.22619047619,4872.738095238095,110.0170761904762,17032.71428571429,1.9185714285714288,164.4654018707482,123.65,60.15,40.7552380952381,103.65,353.80246275,163.3868377777778,1855.37380952381
2016-05-31,70.2775,1550.625,4694.5375,111.14051428571427,16706.95,1.9222727272727271,169.0021198979592,116.06,52.66,46.71238095238096,94.09,388.5121365,157.560342063492,1869.025
2016-06-30,74.10227272727273,1593.506818181818,4641.965909090909,111.55962727272728,16966.69318181818,2.5863636363636364,179.9127392857144,126.47,57.61,48.75727272727273,98.92,421.2289417159091,156.6950366666667,2026.193181818182
2016-07-31,81.06428571428572,1629.047619047619,4864.904761904762,112.47729,17826.22619047619,2.822857142857143,161.8230448214286,128.98,68.21,44.6515,110.12,390.4018125,133.7102030000001,2183.25
2016-08-31,80.26136363636364,1639.284090909091,4751.670454545455,111.4383695652174,18427.02272727273,2.823913043478261,150.2154124223603,124.78,64.72,44.72434782608696,100.71,370.3165877934783,127.8999110144928,2279.136363636364
2016-09-30,77.86136363636363,1592.363636363636,4722.204545454545,112.31686190476192,19499.52272727273,2.993636363636364,148.5119017006803,125.64,69.3956,45.18238095238095,98.8,355.90210275,123.2487561904762,2292.306818181818
2016-10-31,78.51666666666667,1665.904761904762,4731.261904761905,113.474695,20099.7619047619,2.9785714285714286,152.6174440476191,121.94,59.4301,49.775238095238095,94.06,358.38667675,122.5585001666668,2311.5
2016-11-30,78.92272727272727,1737.113636363636,5450.931818181818,116.107515,21126.09090909091,2.549545454545455,151.3314157142857,111.75,73.76,45.66095238095238,87.44,368.3730895,122.5497977192982,2566.204545454545
2016-12-31,79.5025,1727.7375,5660.35,117.90482857142858,21204.35,3.5913636363636368,152.729924659864,109.61,65.21,51.9704761904762,86.41,375.28877875,122.8463255555556,2664.8125
2017-01-31,82.33095238095238,1791.238095238095,5754.559523809524,117.7857789473684,20691.78571428571,3.3045454545454547,160.0121069642857,115.55,72.25,52.504,95.49,379.589978775,137.1457358333333,2714.797619047619
2017-02-28,85.155,1860.75,5940.9125,116.1203894736842,19446.475,2.853,162.9625359126985,119.23,73.87,53.46842105263158,98.25,380.8726239868421,147.3614421052632,2845.55
2017-03-31,86.78260869565217,1901.467391304348,5824.630434782609,115.65584782608695,19875.19565217391,2.8795652173913044,158.9791192546584,118.72,76.43,49.32782608695652,90.91,366.095056173913,146.4314994202899,2776.880434782609
2017-04-30,87.03611111111111,1921.222222222222,5683.902777777778,114.769795,19910.31944444444,3.102,156.5404520676692,120.77,79.17,51.060526315789474,90.71,347.8613103552632,138.4075907017544,2614.916666666667
2017-05-31,88.63809523809525,1913.02380952381,5599.559523809524,114.2591318181818,20200.33333333333,3.1495652173913045,158.6002196428571,120.62,78.35,48.47636363636364,90.87,350.1799872613636,146.4402133333332,2590.214285714286
2017-06-30,84.76363636363637,1885.286363636364,5719.761363636364,112.76027272727272,19658.84090909091,2.975454545454545,157.9739071428571,118.02,80.69,45.17772727272728,88.35,339.7289098636364,157.2461916666666,2573.397727272727
2017-07-31,84.08809523809524,1902.964285714286,5985.119047619048,111.060555,20223.47619047619,2.9842857142857144,157.6106458928572,120.75,84.78,46.630526315789474,89.99,365.4528402,174.5324166666667,2787.190476190476
2017-08-31,79.3409090909091,2030.011363636364,6485.625,109.90586086956522,20521.0,2.901304347826087,148.5434303571428,125.82,89.61,48.03695652173913,95.37,345.4107494021739,139.0508150724638,2980.727272727273
2017-09-30,80.6047619047619,2096.488095238095,6577.166666666667,108.854245,20796.61904761905,2.975714285714286,147.3158578571429,121.58,89.65,49.822,87.24,353.86020285,138.4133923333333,3116.857142857143
2017-10-31,78.60454545454544,2131.488636363636,6807.602272727273,110.8891761904762,20376.09090909091,2.8786363636363634,148.7223767857143,120.67,93.81,51.57772727272727,87.71,358.2761275227273,133.344516031746,3264.602272727273
2017-11-30,80.41136363636365,2097.440909090909,6826.545454545455,111.163525,19557.52272727273,3.013636363636364,148.792165892857,121.1,96.21,56.63857142857143,89.95,361.4092835,138.0459556666667,3229.306818181818
2017-12-31,85.42368421052632,2080.473684210526,6833.894736842105,110.87581,19476.36842105263,2.8225,149.0874275,123.65,101.55,57.8815,88.47,357.1533569625,147.1032695,3195.947368421053
2018-01-31,91.0568181818182,2209.727272727273,7065.852272727273,108.35677619047618,20696.90909090909,3.8755,155.916875340136,127.65,98.02,63.69857142857144,95.35,356.868812,156.3880441269842,3441.522727272727
2018-02-28,88.2675,2181.7875,7006.525,107.6500947368421,21651.55,2.670526315789474,163.4609697368421,125.0,99.4202,62.22947368421052,93.53,371.2322374342105,172.289119122807,3532.9
2018-03-31,92.13571428571429,2069.238095238095,6799.178571428571,107.947175,21211.94047619048,2.6928571428571426,172.0765899659864,125.79,90.53,62.72476190476191,88.65,381.89389625,180.9188158730159,3269.178571428571
2018-04-30,92.2375,2254.6875,6851.5125,107.94335714285714,21291.1,2.796190476190476,175.6009824829932,124.59,92.0,66.25380952380952,85.98,381.2683785,180.3764093650793,3188.05
2018-05-31,94.47857142857144,2299.666666666667,6825.27380952381,111.04704090909092,20858.83333333333,2.800909090909091,179.1790589285714,123.1,94.03,69.97818181818182,86.27,374.8483713068182,192.70383,3059.869047619048
2018-06-30,97.70714285714286,2237.619047619048,6965.857142857143,112.84441904761906,20660.52380952381,2.967142857142857,165.1402855442176,118.65,90.6,67.87333333333333,81.14,339.9579615,193.0792198412698,3088.571428571429
2018-07-31,96.17954545454543,2082.238636363636,6250.75,113.05953333333332,19729.79545454545,2.8323809523809524,156.5542654761905,115.99,88.81,70.98142857142857,79.65,312.56203375,196.8060774603175,2656.125
2018-08-31,94.55227272727274,2051.511363636364,6051.045454545455,113.8316304347826,19228.77272727273,2.9617391304347827,162.5222585403728,113.51,93.29,68.05565217391305,74.7,316.6588041521739,211.2920588405797,2512.0
2018-09-30,90.355,2026.4625,6050.7625,114.07866315789474,18967.125,2.995263157894737,154.9450033834586,112.76,102.11,70.2321052631579,77.3679,306.4327886052632,191.144421754386,2434.675
2018-10-31,86.8,2029.858695652174,6219.586956521739,114.83125909090909,19121.47826086957,3.275217391304348,160.3655650621117,115.15,102.58,70.74869565217391,79.65,315.8520403043478,188.4616066666666,2673.673913043478
2018-11-30,86.775,1938.511363636364,6195.920454545455,116.169045,19064.86363636364,4.090999999999999,160.8782076785714,115.54,111.64,56.9635,75.65,322.28161725,181.552390877193,2595.693181818182
2018-12-31,85.99736842105263,1920.381578947368,6075.315789473684,116.2118052631579,19259.57894736842,4.041666666666667,167.4898805555556,121.25,119.05,49.522777777777776,75.24,330.482023725,188.5358362962962,2616.289473684211
2019-01-31,82.35454545454544,1853.715909090909,5939.102272727273,114.44249,20457.75,3.1085714285714285,166.8462414965987,124.75,127.62,51.37571428571429,77.8,333.77714625,188.8449496825397,2569.704545454545
2019-02-28,81.15,1862.9875,6300.4875,114.41300555555556,21263.95,2.6926315789473683,169.6562834586467,123.99,146.38,54.95473684210527,82.52,334.5030415263158,177.916701754386,2707.1875
2019-03-31,83.80952380952381,1871.214285714286,6439.464285714286,114.78351904761904,21393.40476190476,2.948571428571429,166.3213319727891,122.01,130.54,58.151428571428575,80.15,329.23667475,164.5066447619048,2850.595238095238
2019-04-30,87.2475,1845.425,6438.3625,114.90375454545456,20604.3,2.647142857142857,161.6533865646259,121.2,130.71,63.86238095238095,83.94,324.254404,159.0300887301588,2932.65
2019-05-31,80.13809523809525,1781.261904761905,6017.904761904762,115.95738181818182,19523.90476190476,2.639090909090909,171.1801535714285,123.33,125.23,60.82681818181818,74.99,305.3109190568182,158.281695,2742.809523809524
2019-06-30,77.65,1755.95,5882.225,115.42707,19193.2,2.3985,195.1679223214286,133.2,145.5764,54.657500000000006,78.86,326.6147493,174.6977631666666,2601.225
2019-07-31,75.5391304347826,1796.989130434783,5941.195652173913,115.0775909090909,17977.84782608696,2.366190476190476,189.4863732142856,133.21,143.54,57.35809523809524,81.54,325.4698490113636,163.8767533333334,2446.510869565217
2019-08-31,70.77619047619048,1740.678571428571,5709.440476190476,117.10038636363636,16608.9880952381,2.2209090909090907,163.6286142857145,143.75,144.31,54.80590909090909,88.04,314.6262820909091,149.363005,2273.011904761905
2019-09-30,71.31190476190476,1753.511904761905,5759.25,117.32392,16830.61904761905,2.559,157.3744366071428,138.87,159.19,56.947,83.47,322.453525275,146.5704863333333,2331.559523809524
2019-10-31,73.88478260869564,1725.95652173913,5757.297826086957,116.74625909090908,16603.39130434783,2.331304347826087,167.2977940993788,142.43,169.3499,53.96304347826087,87.93,339.8712372391304,153.22109,2451.652173913043
2019-11-30,74.85714285714286,1774.785714285714,5859.952380952381,116.55946842105264,16335.47619047619,2.641578947368421,166.3617855263158,137.86,172.95,57.048947368421054,84.5839,332.9576305125,157.5282642592593,2425.47619047619
2019-12-31,75.83,1771.38,6077.0625,115.90961,17141.05,2.224285714285714,167.0590173214286,142.9,183.26,59.81666666666667,90.93,334.94944525,165.2546408333334,2272.5375
2020-01-31,79.06818181818181,1773.090909090909,6031.209090909091,115.27938571428572,17029.18181818182,2.0185714285714287,171.8141352040817,149.33,216.04,57.519047619047626,90.2,337.079705,178.2417773015873,2354.306818181818
2020-02-29,76.5675,1688.095,5687.75,116.71054210526316,16480.3,1.9131578947368424,168.7445984962405,148.38,241.11,50.54263157894737,81.14,325.4283145657895,172.2311028070175,2113.2375
2020-03-31,67.68636363636364,1610.890909090909,5182.631818181818,121.02274090909091,15290.90909090909,1.7886363636363638,162.1791482142857,148.05,222.1879,29.20772727272728,67.9,319.3361563636364,170.8747516666666,1903.625
2020-04-30,63.5325,1459.9345,5057.972,123.28034545454544,14952.8,1.7390476190476192,147.0121602040815,158.8,184.68,16.547619047619047,74.02,309.994349,179.746517936508,1903.367
2020-05-31,65.70263157894738,1466.371578947368,5239.826315789474,122.61501,15401.91842105263,1.7485,143.9892437500002,162.91,182.2339,28.5625,79.06,309.3314314125,174.9549688333334,1975.322631578947
2020-06-30,67.8,1568.570454545455,5754.595454545455,119.67660454545454,16837.84090909091,1.6318181818181818,148.0423803571428,167.37,182.79,38.307272727272725,78.17,318.6430365681818,169.7223366666666,2025.714545454545
2020-07-31,68.52391304347826,1643.812173913043,6372.460869565217,118.69005,17469.92391304348,1.7586363636363636,152.5876196428571,185.43,197.445,40.71045454545455,85.26,328.9354479886364,170.5741216666668,2177.195652173913
2020-08-31,70.0,1738.555238095238,6508.392857142857,116.94534761904762,17660.36095238095,2.3023809523809526,149.3929998299319,184.83,211.86,42.33904761904762,87.89,332.14117675,174.182476984127,2413.91380952381
2020-09-30,70.81363636363636,1743.774545454545,6704.9,116.34313333333334,17951.255,1.9223809523809523,166.6025335034014,177.12,216.51,39.63428571428571,83.99,366.824605,204.1373138095238,2442.459090909091
2020-10-31,74.81590909090909,1806.101818181818,6713.811363636364,115.77981428571428,18176.58772727273,2.389090909090909,186.7663875,176.2,207.83,39.39590909090909,79.61,387.5750528522727,203.4263,2440.652272727273
2020-11-30,77.72380952380952,1935.283333333333,7068.907142857143,114.0984,18522.48,2.613684210526316,190.6250375939849,166.67,223.73,40.93736842105263,90.74,419.585496225,210.7539364912282,2671.604761904762
2020-12-31,81.02142857142857,2014.671904761905,7772.238095238095,111.89921428571428,19731.95571428571,2.575909090909091,199.1844175170068,178.36,229.563,47.025,100.73,443.6551249772727,217.3125428571429,2779.851428571429
2021-01-31,87.235,2003.9755,7972.1475,111.48727222222222,21920.2375,2.7126315789473683,231.7544614661655,172.61,208.37,52.008421052631576,100.44,504.3121171973684,237.9442498245614,2705.345
2021-02-28,92.76,2078.5935,8470.94,112.01705263157896,26315.75,5.353684210526316,245.5540565789474,161.81,217.01,59.04631578947369,111.23,507.8172727894737,240.8063880701754,2744.5025
2021-03-31,91.45217391304348,2190.482608695652,8988.247826086958,113.33664347826088,27061.0,2.6182608695652174,245.7603568322983,159.96,244.85,62.33304347826088,111.31,519.8794223152174,229.8875492753623,2791.936956521739
2021-04-30,90.73,2319.3925,9324.8175,112.63228636363635,28328.425,2.662857142857143,268.6224488095237,165.66,274.64,61.71666666666666,112.05,537.4183667045455,239.9361433333333,2829.0125
2021-05-31,90.88684210526316,2434.7765,10166.285,111.21227,32283.9,2.9125,304.297549659864,178.38,263.15,65.1695,110.46,576.96794925,278.4470053968253,2969.62
2021-06-30,94.50454545454544,2446.645454545455,9631.5,111.57769545454543,32502.54545454545,3.258181818181818,292.5237267857143,165.63,259.66,71.37818181818182,100.26,537.3557353977272,238.7670266666666,2951.852272727273
2021-07-31,97.7,2497.635454545455,9450.820454545456,113.06331904761906,34020.18181818182,3.840476190476191,278.445755612245,169.82,248.0931,72.4852380952381,98.01,523.5714795,243.628006984127,2947.517272727273
2021-08-31,101.3047619047619,2602.991904761905,9370.138571428572,113.40253636363636,35024.0,4.074090909090909,257.020755357143,169.69,231.02,67.73045454545455,94.77,504.0400555909091,274.87603,2987.947142857143
2021-09-30,103.6818181818182,2834.556818181818,9324.709545454543,113.4437476190476,34887.30272727273,5.161428571428571,235.8156035714281,164.22,178.35,71.64619047619047,90.2,469.44013575,269.7335073015873,3036.018636363636
2021-10-31,117.3833333333333,2934.39380952381,9829.219047619048,114.063485,37722.92047619048,5.513809523809523,239.60245085034,166.65,185.74,81.47666666666666,94.71,452.02187225,294.0368182539682,3359.912380952381
2021-11-30,126.5431818181818,2636.452272727273,9728.904545454545,114.989795,39158.68954545455,5.0505,248.7677460714286,165.5,160.91,79.14750000000001,87.1,454.57643425,317.4373548133334,3311.271818181818
2021-12-31,120.0404761904762,2695.531428571429,9551.18,115.8045380952381,39422.51666666667,3.757727272727273,264.5731467687075,170.96,176.17,71.71181818181819,89.9,473.8100115,324.0179005555556,3399.214285714286
2022-01-31,132.3325,3005.9805,9782.3375,115.03728,41791.7,4.383,276.7191782142856,168.09,219.72,83.22200000000001,95.37,514.4485437,326.0816698333334,3599.1375
2022-02-28,138.405,3245.7855,9943.175,114.99774210526316,43983.3535,4.691578947368421,292.6715930451127,178.38,233.49,91.64105263157894,97.2,583.6930132894737,347.5032275000001,3620.0375
2022-03-31,141.1260869565217,3498.373043478261,10230.89391304348,116.29083913043478,43949.66869565217,4.898260869565218,335.9306841614907,180.65,208.9,108.50260869565216,91.76,617.1983068695652,387.6650136971014,3962.207391304348
2022-04-30,155.3157894736842,3246.990476190476,10174.34761904762,117.16879523809524,43022.2380952381,6.595999999999999,348.5071169642857,176.91,213.06,101.7775,87.02,618.13839025,406.0268863016667,4371.342857142857
2022-05-31,163.9795454545455,2839.505454545455,9395.027272727271,119.69619047619048,35992.325,8.144761904761904,344.9092996031747,171.14,184.5581,109.55238095238094,90.0,617.1229677613636,444.1565678174603,3769.651818181818
2022-06-30,154.4454545454545,2575.669545454545,9067.55181818182,120.02570952380954,31890.19,7.703333333333334,335.7171340136054,168.46,178.59,114.83714285714284,83.1,621.198178125,397.6523199,3652.891363636364
2022-07-31,131.0357142857143,2408.423333333333,7544.809523809524,122.7512,25395.7719047619,7.284499999999999,312.6820419642856,164.1,196.76,101.619,83.02,571.00147225,321.9751276587302,3105.361904761905
2022-08-31,124.7586956521739,2433.916086956522,7990.812173913043,122.31775217391304,24660.15217391304,8.805652173913044,293.9307903338509,159.27,192.65,93.66521739130437,78.26,576.8241695543478,323.0167687681159,3590.131304347826
2022-09-30,117.9409090909091,2224.755909090909,7746.011363636364,125.5946,21124.03681818182,7.880476190476191,312.5461278911564,154.67,200.8759,84.25809523809524,79.91,537.5519801590909,346.3221810714287,3124.968181818182
2022-10-31,100.2761904761905,2255.535238095238,7651.082857142857,127.480605,19391.16619047619,5.6605,343.5532833333333,151.91,171.6341,87.5547619047619,85.9,507.5442275,353.7129071666667,2967.210476190476
2022-11-30,101.1659090909091,2350.716363636364,8049.861363636364,124.85272,21249.5,5.450952380952381,320.929682857143,164.81,174.675,84.37047619047618,95.83,529.7481193295455,344.3298607283333,2938.920454545455
2022-12-31,100.8863636363636,2398.206818181818,8371.091363636364,122.23432857142858,24149.33772727273,5.52952380952381,302.2354051020408,169.64,165.11,76.43714285714286,99.28,541.831786125,323.6548381349207,3116.522727272727
2023-01-31,100.3113636363636,2494.900909090909,9007.346363636363,119.810065,27999.60227272727,3.273000000000001,302.8399883928572,179.41,153.08,78.123,93.7,555.5062881136364,320.0970451249999,3295.878181818182
2023-02-28,99.43,2416.1815,8936.587,120.30837368421054,26862.904,2.3805263157894734,298.2453033834586,169.78,131.2,76.83263157894737,88.17,561.2921682375,332.4120234368421,3133.838
2023-03-31,95.3913043478261,2296.416956521739,8856.310869565217,120.74501304347824,23999.96347826087,2.305652173913044,284.9574049689442,183.22,135.04,73.27782608695652,91.94,547.2255216521739,309.4295998550725,2967.464782608696
2023-04-30,95.1325,2338.131,8809.1575,119.245145,25643.875,2.1631578947368424,291.1797449248119,184.8,138.9665,79.44631578947369,99.41,546.87485895,312.8108243719297,2770.357
2023-05-31,93.88478260869564,2274.012608695652,8243.156086956522,119.62925454545456,25594.21347826087,2.146818181818181,268.1725263605443,182.32,126.3,71.57818181818182,92.21,508.3450956195652,299.44000625,2485.780869565217
2023-06-30,92.41818181818182,2184.753636363636,8396.517727272727,119.29695238095238,27216.68136363636,2.177142857142857,266.9352396258504,178.27,113.78,70.24809523809525,83.65,526.2950466136364,282.2767452825397,2375.45
2023-07-31,93.26904761904764,2159.732380952381,8476.679047619047,118.049165,28743.14285714286,2.551,235.2719472789116,182.35,118.33,76.0695,87.89,555.11419625,278.6176009920635,2404.645238095238
2023-08-31,95.99565217391304,2135.581739130435,8347.828260869564,119.85634782608696,26040.39347826087,2.5830434782608696,207.6758886645963,180.02,113.37,81.38608695652174,89.55,510.150329576087,241.4138777536232,2405.16347826087
2023-09-30,97.76904761904764,2184.67380952381,8276.71380952381,121.64553,25573.9280952381,2.6365000000000003,223.8476664285715,171.45,115.08,89.425,83.62,487.151474,229.390711,2495.49619047619
2023-10-31,95.68636363636364,2194.390909090909,7941.355909090909,123.4971476190476,24501.385,2.981428571428572,221.90251875,184.09,103.46,85.63952380952381,86.04,471.9310722954545,216.4639391269841,2447.181818181818
2023-11-30,90.4318181818182,2202.255454545455,8189.587727272727,121.22212,24167.86090909091,2.707619047619048,209.0402968303571,188.75,93.52,77.685,85.75,494.3489047159091,216.000269047619,2543.610454545455
2023-12-31,90.40714285714286,2192.005238095238,8407.900476190476,119.83314,24603.00047619048,2.523,207.3979688909774,191.17,101.09,71.9,91.16,481.48682025,229.6334125877193,2510.568571428571
2024-01-31,92.10652173913044,2201.56652173913,8351.339565217391,120.22735714285714,25142.98173913043,3.1761904761904765,198.7579285289115,188.45,90.28,74.15238095238095,84.39,452.626469673913,226.0785319047619,2520.939130434783
2024-02-29,99.35238095238095,2179.457142857143,8304.950476190475,121.06594,26104.09952380952,1.7215,188.9477444642856,189.31,86.89,77.249,80.94,429.72632,219.2380684633333,2360.091904761905
2024-03-31,99.56428571428572,2229.441904761905,8692.819047619048,120.65883333333332,27452.05476190476,1.493,190.2272114285714,205.72,93.52,81.27799999999999,83.55,433.52754325,211.8410172083334,2457.85619047619
2024-04-30,90.60227272727272,2499.228181818182,9445.593636363636,122.14281363636364,31540.01090909091,1.5990909090909091,190.9000500000001,211.87,87.8,85.34727272727274,86.1,427.9221407045455,208.3816845,2725.559545454545
2024-05-31,85.88913043478261,2566.318695652174,10117.16347826087,121.8583409090909,32933.61652173913,2.1204545454545456,201.0194705357142,215.3,84.14,80.02454545454545,95.3,447.4943333152174,227.4307704166667,2955.188260869565
2024-06-30,83.24,2497.6055,9648.167,123.7094789473684,32032.703,2.5357894736842104,191.2409429464286,215.01,89.09,79.76736842105262,91.47,430.9714502625,205.2260548983333,2809.185
2024-07-31,81.38260869565217,2349.125217391304,9385.313043478262,123.38243636363636,31860.47391304348,2.075454545454545,177.7677084464286,226.55,84.64,81.80045454545454,89.52,411.0821253913043,183.2256341666667,2777.268695652174
2024-08-31,79.92727272727274,2352.467272727273,8981.117727272727,122.61374090909092,31553.93954545455,1.9904545454545453,169.2967424107143,231.29,88.6,76.68318181818182,85.01,361.8294103295455,175.5104662666666,2721.078181818182
2024-09-30,82.55714285714286,2457.478095238095,9259.128571428571,121.884855,31554.18238095238,2.276,183.6558276597744,243.06,91.66,70.236,89.8,372.09557625,188.5052165740741,2847.48380952381
2024-10-31,83.69347826086957,2595.583043478261,9533.991304347826,123.5952909090909,32012.43434782609,2.199090909090909,189.5879058618013,253.51,102.9,71.985,90.96,368.4913844347826,197.3719458333333,3105.770869565217
2024-11-30,81.55238095238094,2582.188571428571,9075.727142857142,126.31133684210526,29664.96857142857,2.117,201.3082701884922,245.59,90.24,69.95,87.06,365.51670425,185.7347870824562,3004.19619047619
2024-12-31,79.90454545454546,2540.882272727273,8909.907727272726,127.57578095238097,28860.54590909091,3.005714285714286,202.8299610267858,242.13,83.52,70.11809523809524,83.05,361.236500625,185.7943505,3033.758181818182
2025-01-31,78.23695652173913,2571.370434782609,8976.68043478261,128.83695238095237,29579.04304347826,4.126190476190477,214.3599267857142,258.56,92.43,75.74249999999999,89.79,377.853040173913,190.6296420634921,2824.828695652174
2025-02-28,78.0975,2655.7725,9330.975,127.87583157894736,31797.959,4.1889473684210525,221.2545443139097,263.27,84.5,71.53315789473685,86.39,382.0839574125,190.1026421105263,2798.2765
2025-03-31,77.63809523809525,2651.598571428571,9735.823333333334,126.24304285714284,34179.64142857143,4.12,207.7516908163266,288.14,90.55,68.23904761904762,91.37,369.344173,179.6065420634921,2886.761904761905
2025-04-30,78.28181818181818,2367.800454545455,9172.69590909091,124.1402,32303.49863636364,3.4233333333333333,215.5690933673469,303.77,86.0,63.53666666666667,88.49,378.0661990472382,174.8167426587301,2611.345
2025-05-31,77.98863636363636,2447.344090909091,9531.200909090909,122.3421619047619,31944.38272727273,3.1185714285714283,204.8084481292517,303.6,88.78,62.16761904761905,96.75,387.649984262981,196.8410714285714,2642.621363636364
2025-06-30,78.19047619047619,2525.959047619048,9835.068095238095,120.59387,32544.02952380952,3.024,195.7190773214286,304.83,100.61,68.16900000000001,122.87,383.520686981273,173.1947634816666,2654.65
2025-07-31,78.90652173913043,2606.370869565217,9770.580434782609,120.11269090909092,33610.25739130435,3.2013636363636366,192.4525892142857,302.96,108.66,68.39090909090909,117.81,374.7692583960979,165.2666224637681,2762.56347826087
2025-08-31,78.57380952380952,2598.735714285714,9671.875714285714,120.57584285714286,33834.96476190476,2.912857142857143,183.0247028911564,318.07,101.17,64.86428571428571,125.22,372.962786097465,159.3079408380954,2790.381428571429
2025-09-30,77.97727272727273,2654.479090909091,9994.773181818182,120.0290619047619,34528.05772727273,2.974285714285714,196.1459412448979,355.47,114.17,63.95904761904762,142.88,368.574390192018,155.1151385317461,2936.735454545455
2025-10-31,75.98434782608696,2793.086956521739,10739.91826086957,120.7618,36011.9252173913,3.186086956521739,198.0176441964286,368.12,131.67,60.89454545454546,143.54,371.5741425506887,157.39233125,3151.999130434783
2025-11-30,75.28,2819.0615,10812.028,121.41771666666666,36963.2215,3.794117647058824,201.6578882352942,387.88,132.43,60.06222222222222,152.59,410.1693589372302,169.2032881647058,3176.8435
2025-12-31,74.06590909090909,2875.897727272727,11790.96409090909,120.18832272727272,41402.90909090909,4.263809523809524,205.3150795535714,396.31,145.38,57.97227272727272,186.43,391.5498835528245,165.6266704583334,3162.175
2026-01-31,74.48636363636363,3133.982727272727,12986.60681818182,119.22981,49133.78227272727,7.717894736842105,203.8978238392856,444.95,153.86,60.037,195.04,383.2414025347702,169.2505145833334,3206.733181818182
2026-02-28,74.48636363636363,3133.982727272727,12986.60681818182,117.90602105263156,49133.78227272727,3.621578947368421,203.8978238392856,483.75,162.39,64.50842105263159,214.73,383.2414025347702,169.2505145833334,3206.733181818182
2026-03-31,,,,119.79583499999998,,3.051904761904762,,430.29,134.71,90.83714285714284,178.23,,,
2026-04-30,,,,119.09516666666666,,2.787777777777778,,423.66,138.54,99.11611111111112,179.8,,,
2026-05-31,92.00769230769232,3654.015384615385,13483.75153846154,118.779185,52913.5,2.9385000000000003,215.6206469812925,417.12,24.69,102.134,17.45,439.149647497951,220.8845521666666,3458.04
2026-06-30,,,,119.99342631578948,,3.135,,368.38,22.08,85.51950000000001,14.13,,,
2026-07-31,,,,120.59704545454544,,2.887272727272727,,4049.10009765625,1275.5999755859375,80.45636363636363,1650.300048828125,,,
2026-08-31,,,,120.59704545454544,,2.81,,4425.39990234375,1389.5,81.96,1764.300048828125,,,
